City_ID,City,Country,Date,Lat,Lng,Max Temp,Humidity,Cloudiness,Wind Speed
0,Puerto Ayacucho,VE,2022-08-03 00:43:24,5.6639,-67.6236,75.72,90,100,2.8
1,Vaini,TO,2022-08-03 00:43:25,-21.2,-175.2,80.76,89,75,11.5
2,Albany,US,2022-08-03 00:41:58,42.6001,-73.9662,77.65,62,0,1.01
3,Homer,US,2022-08-03 00:40:19,59.6425,-151.5483,62.47,80,100,8.01
4,Cabo San Lucas,MX,2022-08-03 00:39:33,22.8909,-109.9124,91.62,55,0,11.5
5,Santa Rosa,PH,2022-08-03 00:39:15,14.3122,121.1114,84.09,82,100,5.26
6,Tunceli,TR,2022-08-03 00:43:26,39.1083,39.5471,74.44,44,0,7.67
7,Ipixuna,BR,2022-08-03 00:43:27,-1.7625,-48.8043,77.74,80,100,3.27
8,Ribeira Grande,PT,2022-08-03 00:43:27,38.5167,-28.7,75.38,84,98,13.69
9,Broome,US,2022-08-03 00:43:27,42.2506,-75.833,74.64,71,0,12.66
10,Lebu,CL,2022-08-03 00:43:28,-37.6167,-73.65,46.98,81,1,15.59
11,Vao,NC,2022-08-03 00:43:28,-22.6667,167.4833,72.5,89,67,12.86
12,Mataura,NZ,2022-08-03 00:43:29,-46.1927,168.8643,44.47,85,99,10.4
13,Rikitea,PF,2022-08-03 00:43:29,-23.1203,-134.9692,72.34,73,40,20.58
14,Longyearbyen,SJ,2022-08-03 00:39:57,78.2186,15.6401,49.84,93,75,2.3
15,Manicore,BR,2022-08-03 00:43:30,-5.8092,-61.3003,78.75,89,0,1.14
16,Cockburn Town,TC,2022-08-03 00:43:30,21.4612,-71.1419,82.36,74,40,12.66
17,Jamestown,US,2022-08-03 00:43:24,42.097,-79.2353,71.19,68,0,6.91
18,Kinsale,IE,2022-08-03 00:43:31,51.7075,-8.5306,60.24,94,75,10.36
19,Hamilton,US,2022-08-03 00:43:31,39.1834,-84.5333,81.84,70,0,5.75
20,Bluff,NZ,2022-08-03 00:43:32,-46.6,168.3333,44.8,74,42,29.21
21,Kaitangata,NZ,2022-08-03 00:43:32,-46.2817,169.8464,50.88,74,82,15.32
22,Torbay,CA,2022-08-03 00:43:33,47.6666,-52.7314,66.97,73,75,10.36
23,Avarua,CK,2022-08-03 00:39:18,-21.2078,-159.775,77.05,53,100,18.41
24,Iqaluit,CA,2022-08-03 00:43:33,63.7506,-68.5145,46.13,74,75,9.22
25,Parabel,RU,2022-08-03 00:43:34,58.6978,81.4825,54.84,74,0,8.3
26,Cartagena Del Chaira,CO,2022-08-03 00:43:34,1.3349,-74.8429,71.2,95,51,2.73
27,Miraflores,MX,2022-08-03 00:43:35,19.2167,-98.8083,70.56,83,91,3.02
28,Souillac,MU,2022-08-03 00:43:35,-20.5167,57.5167,68.38,83,40,3.44
29,Ushuaia,AR,2022-08-03 00:40:28,-54.8,-68.3,35.26,93,75,2.3
30,Naze,JP,2022-08-03 00:43:36,28.3667,129.4833,85.12,84,15,9.86
31,Muroto,JP,2022-08-03 00:42:06,33.2833,134.15,82.51,82,84,9.13
32,Port Alfred,ZA,2022-08-03 00:43:36,-33.5906,26.891,65.98,55,4,10.07
33,Haradok,BY,2022-08-03 00:43:37,55.4624,29.9816,59.23,93,100,5.46
34,Hobart,AU,2022-08-03 00:40:23,-42.8794,147.3294,59.25,67,75,12.66
35,Abbeville,FR,2022-08-03 00:43:37,50.1,1.8333,63.5,91,68,2.62
36,Kapaa,US,2022-08-03 00:42:01,22.0752,-159.319,84.52,66,40,13.8
37,Cape Town,ZA,2022-08-03 00:43:38,-33.9258,18.4232,58.37,87,75,6.91
38,Borogontsy,RU,2022-08-03 00:43:38,62.6683,131.1683,64.24,93,100,1.66
39,Husavik,IS,2022-08-03 00:43:39,66.0449,-17.3389,45.16,98,100,18.68
40,Khatanga,RU,2022-08-03 00:43:39,71.9667,102.5,45.97,67,100,5.3
41,Carutapera,BR,2022-08-03 00:43:40,-1.195,-46.02,75.99,89,19,6.42
42,Vestmanna,FO,2022-08-03 00:43:40,62.1564,-7.1664,47.32,93,100,16.11
43,Punta Arenas,CL,2022-08-03 00:40:53,-53.15,-70.9167,33.91,93,20,4.61
44,Busselton,AU,2022-08-03 00:43:41,-33.65,115.3333,54.09,67,100,31.21
45,Thompson,CA,2022-08-03 00:41:36,55.7435,-97.8558,57.36,94,75,3.44
46,Raga,SS,2022-08-03 00:44:42,8.4596,25.678,69.08,97,90,4.25
47,Bredasdorp,ZA,2022-08-03 00:44:43,-34.5322,20.0403,49.28,87,14,4.23
48,Pisco,PE,2022-08-03 00:44:43,-13.7,-76.2167,60.85,82,20,12.66
49,Barrow,US,2022-08-03 00:44:43,71.2906,-156.7887,46.42,71,0,14.97
50,Bambous Virieux,MU,2022-08-03 00:44:44,-20.3428,57.7575,68.25,83,40,3.44
51,Hithadhoo,MV,2022-08-03 00:44:44,-0.6,73.0833,80.35,76,100,11.88
52,Kormilovka,RU,2022-08-03 00:44:45,55.0026,74.1028,55.11,76,68,7.23
53,Zmeinogorsk,RU,2022-08-03 00:44:45,51.1567,82.195,61.54,88,43,1.16
54,Xinqing,CN,2022-08-03 00:44:45,48.2333,129.5,81.1,57,100,5.91
55,Lukiv,UA,2022-08-03 00:44:46,51.0521,25.4006,58.17,90,0,6.42
56,Ajra,IN,2022-08-03 00:44:46,16.1167,74.2,69.4,98,99,1.7
57,Benjamin Hill,MX,2022-08-03 00:44:47,30.1667,-111.1,90.1,40,74,11.18
58,Mar Del Plata,AR,2022-08-03 00:44:47,-38.0023,-57.5575,55.09,97,100,4.61
59,Saint Pete Beach,US,2022-08-03 00:44:48,27.7253,-82.7412,90.0,64,0,4.61
60,Esperance,AU,2022-08-03 00:43:51,-33.8667,121.9,49.84,61,40,31.32
61,Port Blair,IN,2022-08-03 00:44:48,11.6667,92.75,77.04,88,100,8.05
62,Maine-Soroa,NE,2022-08-03 00:44:49,13.2114,12.0241,73.62,83,74,9.93
63,Markova,UA,2022-08-03 00:42:04,48.6758,24.4138,56.86,86,0,4.38
64,Nikolskoye,RU,2022-08-03 00:44:49,59.7035,30.7861,58.8,91,68,4.85
65,Hofn,IS,2022-08-03 00:44:50,64.2539,-15.2082,48.69,73,49,11.41
66,Margate,GB,2022-08-03 00:40:58,51.3813,1.3862,65.3,91,13,3.0
67,Hermanus,ZA,2022-08-03 00:44:50,-34.4187,19.2345,46.8,84,8,2.51
68,Gwadar,PK,2022-08-03 00:44:51,25.1216,62.3254,80.94,85,64,5.68
69,Arraial Do Cabo,BR,2022-08-03 00:44:51,-22.9661,-42.0278,69.67,87,0,4.99
70,Beringovskiy,RU,2022-08-03 00:44:52,63.05,179.3167,58.55,62,91,4.23
71,Kruisfontein,ZA,2022-08-03 00:44:52,-34.0033,24.7314,57.16,56,4,5.99
72,Belvedere Marittimo,IT,2022-08-03 00:44:53,39.6179,15.8617,66.11,53,0,5.61
73,Banff,CA,2022-08-03 00:44:53,51.1762,-115.5698,78.03,25,36,9.22
74,Yellowknife,CA,2022-08-03 00:44:53,62.456,-114.3525,70.32,26,20,6.91
75,Shenjiamen,CN,2022-08-03 00:44:54,29.9576,122.298,84.72,80,6,15.61
76,Bereda,ES,2022-08-03 00:44:54,43.2686,-7.5406,69.42,100,100,5.44
77,Mkushi,ZM,2022-08-03 00:44:55,-13.6202,29.3939,53.55,89,4,6.08
78,Jacmel,HT,2022-08-03 00:44:55,18.2342,-72.5347,75.04,77,28,4.27
79,Harper,LR,2022-08-03 00:44:56,4.375,-7.7169,75.15,75,100,6.96
80,Sassandra,CI,2022-08-03 00:44:56,4.95,-6.0833,73.69,80,100,5.68
81,Quatre Cocos,MU,2022-08-03 00:44:56,-20.2078,57.7625,68.11,71,25,9.26
82,Broken Hill,AU,2022-08-03 00:44:57,-31.95,141.4333,68.88,40,0,26.26
83,Plettenberg Bay,ZA,2022-08-03 00:44:58,-34.0527,23.3716,59.45,60,12,4.05
84,Dong Hoi,VN,2022-08-03 00:44:58,17.4833,106.6,85.98,63,75,2.71
85,Tura,IN,2022-08-03 00:44:59,25.5198,90.2201,74.95,95,100,2.86
86,Provideniya,RU,2022-08-03 00:44:59,64.3833,-173.3,60.91,55,0,15.99
87,Saint-Philippe,RE,2022-08-03 00:45:00,-21.3585,55.7679,65.79,81,50,9.31
88,Sinnamary,GF,2022-08-03 00:45:00,5.3833,-52.95,78.35,87,100,9.24
89,Kosonsoy,UZ,2022-08-03 00:45:00,41.2561,71.5508,63.16,60,61,5.64
90,Lodwar,KE,2022-08-03 00:45:01,3.1191,35.5973,75.87,59,49,2.19
91,New Norfolk,AU,2022-08-03 00:45:01,-42.7826,147.0587,58.91,73,83,4.0
92,Mahebourg,MU,2022-08-03 00:46:02,-20.4081,57.7,68.29,83,40,3.44
93,Nanortalik,GL,2022-08-03 00:46:02,60.1432,-45.2371,45.32,81,13,8.37
94,Altamont,US,2022-08-03 00:46:03,42.2068,-121.7372,84.78,46,0,11.5
95,Qaanaaq,GL,2022-08-03 00:46:03,77.484,-69.3632,45.16,61,19,2.17
96,Pevek,RU,2022-08-03 00:46:04,69.7008,170.3133,39.56,100,100,3.69
97,Olafsvik,IS,2022-08-03 00:46:04,64.8945,-23.7142,47.66,68,69,9.35
98,Mahina,PF,2022-08-03 00:46:04,-17.5065,-149.489,82.17,54,20,8.05
99,Pochutla,MX,2022-08-03 00:46:05,15.7432,-96.4661,82.81,84,17,4.68
100,Ouahigouya,BF,2022-08-03 00:46:05,13.5828,-2.4216,80.33,68,100,7.56
101,Vanimo,PG,2022-08-03 00:46:06,-2.6741,141.3028,84.79,70,100,10.11
102,Ugoofaaru,MV,2022-08-03 00:46:06,5.6667,73.0,81.3,78,100,19.82
103,Pareora,NZ,2022-08-03 00:46:07,-44.4871,171.2132,62.19,21,4,9.33
104,Ozernovskiy,RU,2022-08-03 00:46:07,51.5,156.5167,54.84,86,72,6.6
105,Asau,RO,2022-08-03 00:46:08,46.4333,26.4,56.32,69,0,5.03
106,Muros,ES,2022-08-03 00:46:08,42.7762,-9.0603,70.09,80,22,10.6
107,Elizabeth City,US,2022-08-03 00:44:14,36.2946,-76.2511,86.02,81,0,3.44
108,Namatanai,PG,2022-08-03 00:46:09,-3.6667,152.4333,84.36,67,20,9.4
109,Merida,MX,2022-08-03 00:46:09,20.9667,-89.6167,86.02,66,75,18.99
110,Kabanjahe,ID,2022-08-03 00:46:10,3.1001,98.4908,65.01,94,100,1.79
111,Saint-Pierre,RE,2022-08-03 00:46:10,-21.3393,55.4781,65.91,79,75,6.91
112,Freeport,US,2022-08-03 00:46:11,40.6576,-73.5832,88.25,66,0,8.05
113,Butaritari,KI,2022-08-03 00:46:11,3.0707,172.7902,82.02,75,20,15.99
114,Pimentel,PE,2022-08-03 00:46:12,-6.8367,-79.9342,61.97,89,1,14.92
115,Tuatapere,NZ,2022-08-03 00:46:12,-46.1333,167.6833,51.03,73,50,12.73
116,Salalah,OM,2022-08-03 00:46:13,17.0151,54.0924,77.09,94,100,5.75
117,Mangan,IN,2022-08-03 00:46:13,27.5167,88.5333,77.7,90,100,1.03
118,San Cristobal,VE,2022-08-03 00:46:13,7.7669,-72.225,69.98,91,100,1.9
119,Vila Velha,BR,2022-08-03 00:46:14,-20.3297,-40.2925,73.35,88,40,9.22
120,Hasaki,JP,2022-08-03 00:46:14,35.7333,140.8333,91.8,72,100,7.76
121,Clyde River,CA,2022-08-03 00:46:15,70.4692,-68.5914,39.43,93,100,2.3
122,Candolim,IN,2022-08-03 00:46:15,15.5181,73.7626,79.18,86,100,8.88
123,Atuona,PF,2022-08-03 00:46:16,-9.8,-139.0333,77.27,73,12,13.15
124,Price,US,2022-08-03 00:46:16,39.5994,-110.8107,87.06,30,0,14.97
125,Dunedin,NZ,2022-08-03 00:42:14,-45.8742,170.5036,54.3,62,73,16.04
126,Brae,GB,2022-08-03 00:46:17,60.3964,-1.353,56.25,91,100,20.6
127,Bairiki,KI,2022-08-03 00:46:17,1.3292,172.9752,86.0,70,20,12.66
128,Sambava,MG,2022-08-03 00:46:18,-14.2667,50.1667,66.7,82,51,12.66
129,Alice Springs,AU,2022-08-03 00:46:18,-23.7,133.8833,76.55,20,71,17.27
130,Lagoa,PT,2022-08-03 00:46:19,39.05,-27.9833,74.07,86,99,15.86
131,Kuytun,RU,2022-08-03 00:46:19,54.3419,101.5036,58.3,89,100,5.79
132,Whitehorse,CA,2022-08-03 00:45:17,60.7161,-135.0538,63.37,51,75,6.91
133,Vrangel,RU,2022-08-03 00:46:20,42.7297,133.0839,73.26,90,87,4.7
134,Tasiilaq,GL,2022-08-03 00:46:20,65.6145,-37.6368,42.96,60,16,2.57
135,Terrell,US,2022-08-03 00:42:34,32.736,-96.2753,100.29,33,0,12.66
136,Pokrovsk,UA,2022-08-03 00:46:21,48.282,37.1758,64.26,94,21,3.13
137,Bria,CF,2022-08-03 00:46:22,6.5423,21.9863,66.97,97,95,2.21
138,Tasgaon,IN,2022-08-03 00:47:22,17.0333,74.6,72.88,91,100,5.44
139,Tuy Hoa,VN,2022-08-03 00:42:55,13.0833,109.3,79.23,87,99,5.91
140,Dikson,RU,2022-08-03 00:47:23,73.5069,80.5464,43.09,89,100,13.96
141,Marawi,PH,2022-08-03 00:47:23,7.9986,124.2928,79.21,65,24,0.83
142,Jiuquan,CN,2022-08-03 00:47:24,39.7432,98.5174,73.83,48,17,10.58
143,Saldanha,ZA,2022-08-03 00:47:24,-33.0117,17.9442,53.65,91,7,7.61
144,Sterling,US,2022-08-03 00:47:10,39.0062,-77.4286,85.14,68,75,8.05
145,Tuktoyaktuk,CA,2022-08-03 00:47:25,69.4541,-133.0374,51.8,93,75,13.8
146,Igrim,RU,2022-08-03 00:47:25,63.1906,64.4162,58.69,67,37,2.8
147,Sorland,NO,2022-08-03 00:47:26,67.667,12.6934,53.46,79,86,20.38
148,Balkanabat,TM,2022-08-03 00:47:26,39.5108,54.3671,86.94,26,0,6.76
149,Muravlenko,RU,2022-08-03 00:47:27,63.7898,74.523,59.67,60,9,5.23
150,Leh,IN,2022-08-03 00:46:31,34.1667,77.5833,58.44,56,22,5.5
151,Saint-Leu,RE,2022-08-03 00:46:40,-21.15,55.2833,65.32,76,0,11.45
152,Tateyama,JP,2022-08-03 00:47:28,34.9833,139.8667,84.02,82,100,10.42
153,Manali,IN,2022-08-03 00:47:28,13.1667,80.2667,82.49,86,100,5.01
154,Kahului,US,2022-08-03 00:47:28,20.8947,-156.47,84.22,64,75,19.57
155,Uarini,BR,2022-08-03 00:47:29,-2.99,-65.1083,74.08,96,100,1.77
156,Lumberton,US,2022-08-03 00:44:37,34.6182,-79.0086,91.71,47,50,4.56
157,Puerto Del Rosario,ES,2022-08-03 00:47:30,28.5004,-13.8627,76.75,69,0,16.11
158,Nioro,GM,2022-08-03 00:47:30,13.35,-15.75,76.62,91,100,3.83
159,Upernavik,GL,2022-08-03 00:47:31,72.7868,-56.1549,44.65,81,73,1.81
160,Zhigansk,RU,2022-08-03 00:47:31,66.7697,123.3711,51.91,54,81,18.88
161,Port Elizabeth,ZA,2022-08-03 00:46:10,-33.918,25.5701,62.31,62,0,1.99
162,Sechura,PE,2022-08-03 00:47:35,-5.5569,-80.8222,66.07,77,0,13.27
163,Turukhansk,RU,2022-08-03 00:47:35,65.8167,87.9833,56.59,46,5,8.79
164,Westport,US,2022-08-03 00:44:09,41.1415,-73.3579,84.85,79,20,6.91
165,Castro,BR,2022-08-03 00:46:05,-24.7911,-50.0119,58.96,66,0,3.51
166,Lamu,KE,2022-08-03 00:47:36,-2.2717,40.902,73.62,81,16,17.69
167,Shieli,KZ,2022-08-03 00:47:37,44.1667,66.75,72.27,52,49,4.63
168,Puerto Ayora,EC,2022-08-03 00:47:37,-0.7393,-90.3518,70.56,86,31,10.0
169,Chenove,FR,2022-08-03 00:47:37,47.2932,5.0046,69.22,56,0,4.61
170,Jardim,BR,2022-08-03 00:47:38,-21.4803,-56.1381,73.17,38,2,2.82
171,Te Anau,NZ,2022-08-03 00:47:38,-45.4167,167.7167,48.7,78,76,8.84
172,Rorvik,NO,2022-08-03 00:47:39,64.8621,11.2373,56.8,76,100,11.59
173,Codrington,AU,2022-08-03 00:47:39,-38.2667,141.9667,57.96,70,35,21.5
174,Cururupu,BR,2022-08-03 00:47:40,-1.8283,-44.8683,74.35,90,6,3.31
175,Saint-Joseph,RE,2022-08-03 00:47:40,-21.3667,55.6167,64.78,81,49,9.91
176,Trinidad,BO,2022-08-03 00:47:40,-14.8333,-64.9,79.77,54,97,3.42
177,Linxia,CN,2022-08-03 00:47:41,35.6003,103.2064,72.86,67,6,3.42
178,Hilo,US,2022-08-03 00:47:41,19.7297,-155.09,81.25,81,100,8.05
179,Sena Madureira,BR,2022-08-03 00:47:42,-9.0656,-68.6569,80.26,64,61,1.28
180,Monte Mor,BR,2022-08-03 00:47:42,-22.9467,-47.3158,71.26,49,0,8.05
181,Arman,RU,2022-08-03 00:47:43,59.7,150.1667,61.02,80,94,7.02
182,Chokurdakh,RU,2022-08-03 00:47:43,70.6333,147.9167,55.99,48,100,7.58
183,Sitka,US,2022-08-03 00:47:43,57.0531,-135.33,55.29,88,100,3.44
184,Grindavik,IS,2022-08-03 00:47:44,63.8424,-22.4338,49.95,76,75,17.27
185,Platanos,GR,2022-08-03 00:47:44,37.6667,21.6167,78.57,70,0,4.18
186,Carnarvon,AU,2022-08-03 00:47:29,-24.8667,113.6333,68.58,58,56,19.39
187,Santiago Del Estero,AR,2022-08-03 00:43:45,-27.7951,-64.2615,70.0,47,100,13.82
188,Buncrana,IE,2022-08-03 00:48:45,55.1333,-7.45,58.1,80,100,17.27
189,Bengkulu,ID,2022-08-03 00:48:46,-3.8004,102.2655,76.15,88,100,3.62
190,Hambantota,LK,2022-08-03 00:48:46,6.1241,81.1185,77.34,88,75,13.8
191,Coruripe,BR,2022-08-03 00:48:47,-10.1256,-36.1756,73.71,90,100,12.44
192,Tezu,IN,2022-08-03 00:48:47,27.9167,96.1667,80.1,89,100,1.1
193,Ambon,ID,2022-08-03 00:46:34,-3.6954,128.1814,82.54,78,40,2.3
194,Antofagasta,CL,2022-08-03 00:46:03,-23.65,-70.4,58.28,86,49,3.33
195,Ahipara,NZ,2022-08-03 00:48:48,-35.1667,173.1667,61.95,70,100,2.98
196,Faanui,PF,2022-08-03 00:48:49,-16.4833,-151.75,78.42,68,2,22.46
197,Severo-Kurilsk,RU,2022-08-03 00:48:49,50.6789,156.125,56.39,76,13,6.76
198,Nalut,LY,2022-08-03 00:48:49,30.3333,10.85,84.4,32,8,12.28
199,Santa Maria,BR,2022-08-03 00:48:50,-29.6842,-53.8069,56.5,100,100,6.91
200,Nanfeng,CN,2022-08-03 00:48:50,23.7434,111.7959,79.36,90,100,1.12
201,Angoche,MZ,2022-08-03 00:48:51,-16.2325,39.9086,71.42,80,0,8.3
202,Bedele,ET,2022-08-03 00:48:51,8.456,36.353,50.68,97,26,1.99
203,Casper,US,2022-08-03 00:48:00,42.8666,-106.3131,77.59,38,20,5.75
204,Tiksi,RU,2022-08-03 00:47:56,71.6872,128.8694,40.08,85,100,5.86
205,Wabash,US,2022-08-03 00:48:52,40.7978,-85.8205,82.92,81,0,7.18
206,Arlit,NE,2022-08-03 00:48:53,18.7369,7.3853,92.21,30,1,8.21
207,Khandyga,RU,2022-08-03 00:48:53,62.6667,135.6,65.53,90,100,4.65
208,Luderitz,NA,2022-08-03 00:48:14,-26.6481,15.1594,53.51,80,0,4.85
209,Poum,NC,2022-08-03 00:48:54,-20.2333,164.0167,75.04,87,5,16.98
210,Itarema,BR,2022-08-03 00:48:54,-2.9248,-39.9167,78.01,83,10,11.72
211,Chuy,UY,2022-08-03 00:47:34,-33.6971,-53.4616,53.85,95,88,6.96
212,Saint George,US,2022-08-03 00:45:13,37.1041,-113.5841,97.39,29,0,20.71
213,Placerville,US,2022-08-03 00:45:18,38.7296,-120.7986,97.63,30,0,6.91
214,Kavaratti,IN,2022-08-03 00:48:56,10.5669,72.642,79.99,80,100,23.98
215,Pekan,MY,2022-08-03 00:48:56,3.4836,103.3996,77.11,88,100,6.31
216,Dongsheng,CN,2022-08-03 00:46:45,39.8161,109.9776,77.18,56,91,12.97
217,Nosy Varika,MG,2022-08-03 00:48:57,-20.5833,48.5333,65.52,92,84,6.93
218,Paralimni,CY,2022-08-03 00:48:57,35.0375,33.9833,77.49,94,0,2.04
219,Ruwi,OM,2022-08-03 00:48:57,23.5996,58.5507,92.89,67,52,10.67
220,Nakamura,JP,2022-08-03 00:48:58,32.9833,132.9333,88.97,66,50,4.03
221,Kedrovyy,RU,2022-08-03 00:48:58,56.1667,91.8167,55.87,78,100,4.34
222,Lincoln,US,2022-08-03 00:45:03,40.8,-96.667,96.71,51,0,16.11
223,Ilulissat,GL,2022-08-03 00:48:59,69.2167,-51.1,50.02,81,100,0.0
224,Marsh Harbour,BS,2022-08-03 00:48:05,26.5412,-77.0636,82.74,65,0,10.27
225,Sumter,US,2022-08-03 00:48:59,28.7086,-82.0831,83.98,83,2,9.35
226,Meulaboh,ID,2022-08-03 00:49:00,4.1363,96.1285,76.46,85,100,2.33
227,Saint-Ambroise,CA,2022-08-03 00:49:00,48.5501,-71.3324,64.72,63,6,8.05
228,Rameshki,RU,2022-08-03 00:49:01,57.3439,36.0453,58.12,93,100,4.25
229,Sulzbach-Rosenberg,DE,2022-08-03 00:49:01,49.4983,11.7517,62.46,83,13,2.51
230,San Jose,US,2022-08-03 00:48:46,37.3394,-121.895,89.85,44,75,16.11
231,Tautira,PF,2022-08-03 00:47:55,-17.7333,-149.15,77.07,75,16,21.47
232,Tukrah,LY,2022-08-03 00:50:02,32.5341,20.5791,78.31,70,0,9.44
233,Diffa,NE,2022-08-03 00:50:03,13.3154,12.6113,73.35,85,46,10.27
234,Chernyshevskiy,RU,2022-08-03 00:49:24,63.0128,112.4714,67.66,86,99,9.33
235,Maceio,BR,2022-08-03 00:49:56,-9.6658,-35.7353,74.64,94,100,4.61
236,Isangel,VU,2022-08-03 00:48:42,-19.55,169.2667,84.31,79,75,4.61
237,Port Hardy,CA,2022-08-03 00:49:33,50.6996,-127.4199,59.18,88,100,10.36
238,El Dorado,US,2022-08-03 00:50:04,38.7666,-120.5177,93.29,37,100,1.99
239,Zarzal,CO,2022-08-03 00:50:05,4.3946,-76.0715,73.08,96,98,0.49
240,Saint-Francois,FR,2022-08-03 00:47:58,46.4154,3.9054,63.84,82,0,1.14
241,Debre Tabor,ET,2022-08-03 00:50:05,11.85,38.0167,50.56,92,100,2.01
242,Juxtlahuaca,MX,2022-08-03 00:50:06,17.4294,-99.1467,72.93,92,100,2.75
243,Norman Wells,CA,2022-08-03 00:50:06,65.282,-126.8329,78.84,41,75,4.61
244,Coihaique,CL,2022-08-03 00:48:15,-45.5752,-72.0662,38.01,81,75,8.05
245,Lompoc,US,2022-08-03 00:48:36,34.6391,-120.4579,86.14,75,0,14.97
246,Waitati,NZ,2022-08-03 00:50:07,-45.75,170.5667,55.49,59,84,9.33
247,Kodiak,US,2022-08-03 00:48:47,57.79,-152.4072,67.51,45,0,26.46
248,San Quintin,MX,2022-08-03 00:46:14,30.4833,-115.95,73.96,71,100,13.73
249,Tual,ID,2022-08-03 00:50:08,-5.6667,132.75,79.59,85,100,12.48
250,Pontianak,ID,2022-08-03 00:47:59,-0.0333,109.3333,75.18,100,100,4.61
251,Mosjoen,NO,2022-08-03 00:50:09,65.836,13.1908,55.67,93,100,2.3
252,Parksville,CA,2022-08-03 00:46:51,49.3163,-124.3195,77.59,63,51,17.27
253,Anamur,TR,2022-08-03 00:50:09,36.0751,32.8369,83.16,65,0,3.53
254,Boke,GN,2022-08-03 00:50:10,10.9409,-14.2967,73.09,97,99,3.29
255,Port Lincoln,AU,2022-08-03 00:45:14,-34.7333,135.8667,59.43,55,0,26.89
256,Zapresic,HR,2022-08-03 00:50:11,45.8564,15.8078,67.93,75,7,2.77
257,Dwarka,IN,2022-08-03 00:50:11,22.2394,68.9678,80.87,82,100,10.83
258,Sola,VU,2022-08-03 00:50:11,-13.8833,167.55,86.67,74,75,0.0
259,Coos Bay,US,2022-08-03 00:50:12,43.3665,-124.2179,84.31,84,0,12.66
260,Mehamn,NO,2022-08-03 00:50:12,71.0357,27.8492,49.95,100,100,6.91
261,Russell,US,2022-08-03 00:47:41,32.3502,-85.1999,78.4,78,85,3.44
262,Fort Nelson,CA,2022-08-03 00:50:13,58.8053,-122.7002,63.99,63,75,13.8
263,Chumikan,RU,2022-08-03 00:50:13,54.7183,135.315,54.45,99,100,11.5
264,Petropavlovsk-Kamchatskiy,RU,2022-08-03 00:50:14,53.0452,158.6483,64.99,55,75,13.42
265,Guerrero Negro,MX,2022-08-03 00:50:14,27.9769,-114.0611,76.03,64,55,17.74
266,Cooma,AU,2022-08-03 00:50:15,-36.2333,149.1333,55.17,66,40,26.46
267,Inuvik,CA,2022-08-03 00:50:15,68.3499,-133.7218,60.01,69,75,11.5
268,Ajmer,IN,2022-08-03 00:50:16,26.45,74.6333,80.29,77,100,6.55
269,Okha,RU,2022-08-03 00:50:16,53.5739,142.9478,56.68,94,100,17.58
270,Mendota,US,2022-08-03 00:50:16,36.7536,-120.3816,98.87,19,100,12.66
271,Bulalacao,PH,2022-08-03 00:50:17,12.3254,121.3435,83.8,76,100,10.31
272,Bathsheba,BB,2022-08-03 00:50:17,13.2167,-59.5167,83.01,85,40,18.41
273,Jiblah,YE,2022-08-03 00:50:18,13.9216,44.1467,63.14,76,97,0.76
274,Pasighat,IN,2022-08-03 00:50:15,28.0667,95.3333,81.43,80,100,0.56
275,Cherskiy,RU,2022-08-03 00:49:05,68.75,161.3,49.73,93,100,8.66
276,Tsabong,BW,2022-08-03 00:50:19,-26.0217,22.401,55.09,81,60,22.48
277,Chimbote,PE,2022-08-03 00:49:18,-9.0853,-78.5783,62.01,85,62,11.74
278,Jishou,CN,2022-08-03 00:50:19,28.3167,109.7167,86.09,66,0,1.32
279,Kouroussa,GN,2022-08-03 00:50:20,10.65,-9.8833,69.39,98,24,6.11
280,East London,ZA,2022-08-03 00:51:20,-33.0153,27.9116,65.55,58,70,5.14
281,Pereyaslovskaya,RU,2022-08-03 00:51:21,45.8412,39.0238,69.03,85,3,2.46
282,Lorengau,PG,2022-08-03 00:51:21,-2.0226,147.2712,83.97,72,99,13.58
283,Barcelos,PT,2022-08-03 00:51:22,41.5388,-8.6151,67.91,93,7,1.83
284,Palencia,ES,2022-08-03 00:51:22,42.4167,-4.5,78.1,54,87,9.91
285,Ocampo,MX,2022-08-03 00:51:23,21.65,-101.5,65.55,60,100,7.96
286,Touros,BR,2022-08-03 00:51:23,-5.1989,-35.4608,75.2,88,8,7.9
287,Vila,PT,2022-08-03 00:51:24,42.0304,-8.1588,61.7,87,0,3.6
288,Cidreira,BR,2022-08-03 00:51:24,-30.1811,-50.2056,60.51,87,100,10.04
289,La Reforma,MX,2022-08-03 00:51:14,25.0833,-108.05,85.77,60,0,5.37
290,La Ronge,CA,2022-08-03 00:51:25,55.1001,-105.2842,61.05,63,75,10.36
291,Bukama,CD,2022-08-03 00:51:26,-9.2,25.85,70.77,36,0,2.77
292,Marsa Matruh,EG,2022-08-03 00:51:26,31.3525,27.2453,77.2,83,20,0.0
293,Padang,ID,2022-08-03 00:51:03,-0.9492,100.3543,75.25,88,100,2.86
294,Saskylakh,RU,2022-08-03 00:50:51,71.9167,114.0833,45.37,70,100,11.21
295,Coquimbo,CL,2022-08-03 00:48:12,-29.9533,-71.3436,53.33,76,100,1.14
296,Georgetown,MY,2022-08-03 00:49:16,5.4112,100.3354,78.75,87,40,8.05
297,Amapa,BR,2022-08-03 00:51:27,1.0,-52.0,71.94,99,100,2.39
298,Key Largo,US,2022-08-03 00:48:37,25.0865,-80.4473,84.0,58,0,9.55
299,Shobara,JP,2022-08-03 00:51:28,34.85,133.0167,83.25,64,1,6.17
300,Santa Ines,BR,2022-08-03 00:51:29,-3.6667,-45.38,73.72,64,44,3.27
301,Stornoway,GB,2022-08-03 00:51:29,58.2093,-6.3865,57.16,88,75,13.8
302,Benghazi,LY,2022-08-03 00:51:29,32.1167,20.0667,79.88,68,0,11.65
303,Mizan Teferi,ET,2022-08-03 00:51:30,6.9833,35.5833,56.3,91,10,2.19
304,Port Moresby,PG,2022-08-03 00:47:43,-9.4431,147.1797,83.62,74,40,11.5
305,Challapata,BO,2022-08-03 00:51:31,-18.9,-66.7667,47.3,19,47,3.11
306,Bay Roberts,CA,2022-08-03 00:51:31,47.5999,-53.2648,67.75,90,94,1.01
307,Qostanay,KZ,2022-08-03 00:48:16,53.1667,63.5833,55.69,88,20,6.71
308,Neuquen,AR,2022-08-03 00:49:47,-38.9516,-68.0591,40.89,65,0,0.0
309,Sobolevo,RU,2022-08-03 00:51:32,54.4299,31.8996,60.31,93,100,7.83
310,Cabo Rojo,PR,2022-08-03 00:51:32,18.0866,-67.1457,81.52,86,38,5.91
311,Halden,NO,2022-08-03 00:51:33,59.1226,11.3871,63.03,98,100,11.25
312,San Patricio,US,2022-08-03 00:51:34,28.017,-97.5169,90.32,63,11,18.86
313,Porto Nacional,BR,2022-08-03 00:51:17,-10.7081,-48.4172,77.0,34,6,3.06
314,Samana,DO,2022-08-03 00:51:34,19.2056,-69.3369,80.56,84,1,9.95
315,Lavrentiya,RU,2022-08-03 00:51:35,65.5833,-171.0,58.19,55,28,11.41
316,Kalengwa,ZM,2022-08-03 00:51:35,-13.4659,25.0027,58.53,57,10,8.72
317,Hue,VN,2022-08-03 00:51:36,16.4667,107.6,86.11,66,20,2.3
318,Punahana,IN,2022-08-03 00:51:36,27.8667,77.2,87.87,63,100,1.23
319,Calbuco,CL,2022-08-03 00:51:36,-41.768,-73.1273,38.41,80,100,4.52
320,Ostrovnoy,RU,2022-08-03 00:51:17,68.0531,39.5131,54.07,96,100,5.17
321,Redlands,US,2022-08-03 00:51:33,34.0556,-117.1825,94.1,39,75,12.66
322,Gravelbourg,CA,2022-08-03 00:51:37,49.8834,-106.5512,79.07,36,4,20.56
323,Goroka,PG,2022-08-03 00:51:38,-6.0834,145.3873,76.17,51,11,3.69
324,Hobyo,SO,2022-08-03 00:51:38,5.3505,48.5268,75.51,81,13,23.82
325,Port-Gentil,GA,2022-08-03 00:52:39,-0.7193,8.7815,74.37,80,16,11.72
326,Amberley,US,2022-08-03 00:52:39,39.2048,-84.428,81.16,70,0,4.61
327,Anito,PH,2022-08-03 00:52:39,12.4497,125.2886,85.14,71,98,3.62
328,Kununurra,AU,2022-08-03 00:52:40,-15.7667,128.7333,78.78,47,9,5.75
329,Taoudenni,ML,2022-08-03 00:52:40,22.6783,-3.9836,101.5,9,71,9.42
330,Takoradi,GH,2022-08-03 00:52:41,4.8845,-1.7554,72.18,80,3,7.45
331,Dingle,PH,2022-08-03 00:52:41,10.9995,122.6711,83.95,78,100,6.42
332,Vijapur,IN,2022-08-03 00:52:41,23.5667,72.75,79.92,85,99,4.5
333,Sao Jose Da Coroa Grande,BR,2022-08-03 00:52:42,-8.8978,-35.1478,75.36,89,99,5.55
334,Doha,QA,2022-08-03 00:47:58,25.2867,51.5333,94.98,68,0,3.44
335,Hit,IQ,2022-08-03 00:52:43,33.6416,42.8251,94.01,21,0,9.66
336,Berlevag,NO,2022-08-03 00:52:43,70.8578,29.0864,53.4,100,100,9.22
337,Saint-Augustin,CA,2022-08-03 00:52:43,51.226,-58.6502,62.37,95,38,14.32
338,Samagaltay,RU,2022-08-03 00:52:44,50.6022,95.0047,61.27,71,7,7.38
339,Jaguaruna,BR,2022-08-03 00:52:44,-28.615,-49.0256,60.4,97,13,3.96
340,Katsuura,JP,2022-08-03 00:49:16,35.1333,140.3,86.23,77,100,12.15
341,Jaru,BR,2022-08-03 00:51:19,-10.4389,-62.4664,79.11,46,34,2.64
342,Aksu,CN,2022-08-03 00:52:00,41.1231,80.2644,75.09,50,100,5.44
343,Chipata,ZM,2022-08-03 00:52:45,-13.6333,32.65,54.1,92,3,5.73
344,Los Llanos De Aridane,ES,2022-08-03 00:48:44,28.6585,-17.9182,67.75,83,20,18.41
345,Mitsamiouli,KM,2022-08-03 00:52:39,-11.3847,43.2844,74.7,73,1,4.41
346,Huarmey,PE,2022-08-03 00:51:52,-10.0681,-78.1522,62.89,84,51,10.76
347,Mabaruma,GY,2022-08-03 00:52:46,8.2,-59.7833,73.9,97,100,3.02
348,La Asuncion,VE,2022-08-03 00:52:47,11.0333,-63.8628,78.91,86,61,17.2
349,Yar-Sale,RU,2022-08-03 00:51:01,66.8333,70.8333,58.91,64,97,7.74
350,Nhulunbuy,AU,2022-08-03 00:52:48,-12.2333,136.7667,83.01,74,75,13.8
351,Gamba,GA,2022-08-03 00:52:48,-2.65,10.0,69.13,96,91,5.93
352,Banepa,NP,2022-08-03 00:52:48,27.6298,85.5214,68.32,100,75,0.0
353,Haines Junction,CA,2022-08-03 00:51:04,60.7522,-137.5108,57.15,72,100,4.61
354,Sao Joao Da Barra,BR,2022-08-03 00:52:49,-21.6403,-41.0511,71.08,90,1,7.47
355,Singaraja,ID,2022-08-03 00:52:50,-8.112,115.0882,81.63,71,27,1.36
356,Togur,RU,2022-08-03 00:52:50,58.3631,82.8265,55.49,71,5,7.56
357,Carballo,ES,2022-08-03 00:52:51,43.213,-8.691,69.01,93,97,8.99
358,Gobabis,NA,2022-08-03 00:52:51,-22.45,18.9667,43.23,24,4,5.99
359,Chulman,RU,2022-08-03 00:52:51,56.8479,124.9104,69.89,69,13,4.07
360,Itapora,BR,2022-08-03 00:52:52,-22.0799,-54.7874,72.9,34,5,6.24
361,Hamada,JP,2022-08-03 00:52:52,34.8833,132.0833,86.72,70,6,10.58
362,Kitakami,JP,2022-08-03 00:52:53,39.2833,141.1167,75.54,100,75,14.97
363,Montrose,US,2022-08-03 00:50:35,38.4166,-108.2673,81.81,32,69,12.35
364,Shepsi,RU,2022-08-03 00:52:53,44.0361,39.1489,74.07,83,5,3.98
365,Grand Gaube,MU,2022-08-03 00:52:54,-20.0064,57.6608,68.4,79,2,1.99
366,Conceicao Do Araguaia,BR,2022-08-03 00:47:58,-8.2578,-49.2647,78.35,36,51,2.98
367,Kalmunai,LK,2022-08-03 00:52:54,7.4167,81.8167,77.4,84,100,9.75
368,Puerto Baquerizo Moreno,EC,2022-08-03 00:52:38,-0.9,-89.6,69.28,75,55,13.82
369,Mechetinskaya,RU,2022-08-03 00:52:55,46.7713,40.456,68.52,86,7,1.54
370,Talcahuano,CL,2022-08-03 00:52:56,-36.7167,-73.1167,47.88,76,0,4.61
371,Kovdor,RU,2022-08-03 00:52:56,67.5662,30.4758,52.03,97,97,3.8
372,Tarakan,ID,2022-08-03 00:48:31,3.3,117.6333,81.9,83,40,6.91
373,Bethel,US,2022-08-03 00:52:13,41.3712,-73.414,81.75,89,20,4.61
374,Monchegorsk,RU,2022-08-03 00:53:57,67.9397,32.8739,54.0,96,100,4.97
375,Airai,TL,2022-08-03 00:49:57,-8.9266,125.4092,70.38,36,84,2.59
376,Sept-Iles,CA,2022-08-03 00:50:03,50.2001,-66.3821,68.0,91,75,5.75
377,Qui Nhon,VN,2022-08-03 00:53:59,13.7667,109.2333,82.56,74,83,3.85
378,Havre-Saint-Pierre,CA,2022-08-03 00:53:59,50.2334,-63.5986,62.96,100,75,10.36
379,Flin Flon,CA,2022-08-03 00:53:59,54.7682,-101.865,54.32,95,100,6.78
380,Sherbakul,RU,2022-08-03 00:54:00,54.6316,72.3963,57.29,80,98,6.87
381,Kloulklubed,PW,2022-08-03 00:54:00,7.0419,134.2556,81.19,80,100,13.96
382,Ponta Do Sol,PT,2022-08-03 00:54:01,32.6667,-17.1,73.0,82,11,5.32
383,Vardo,NO,2022-08-03 00:54:01,70.3705,31.1107,51.78,100,20,13.8
384,Abu Dhabi,AE,2022-08-03 00:54:01,24.4667,54.3667,96.91,49,0,4.61
385,Limbang,MY,2022-08-03 00:54:02,4.75,115.0,80.71,80,67,2.1
386,Reisterstown,US,2022-08-03 00:52:54,39.4696,-76.8294,84.09,66,26,1.99
387,Aripuana,BR,2022-08-03 00:54:03,-9.1667,-60.6333,79.72,43,100,1.9
388,Shahr-E Kord,IR,2022-08-03 00:54:03,32.3256,50.8644,64.17,39,20,4.61
389,Chifeng,CN,2022-08-03 00:54:03,42.2683,118.9636,84.2,59,0,6.13
390,Geraldton,AU,2022-08-03 00:54:04,-28.7667,114.6,61.21,63,100,19.57
391,Hays,US,2022-08-03 00:54:04,30.0502,-98.0336,97.54,35,0,5.01
392,Udachnyy,RU,2022-08-03 00:54:05,66.4167,112.4,46.45,100,100,18.07
393,Erzin,TR,2022-08-03 00:54:05,36.9559,36.2,77.43,88,67,0.72
394,Rundu,NA,2022-08-03 00:54:06,-17.9333,19.7667,54.99,30,5,4.09
395,Porto Santo,PT,2022-08-03 00:54:06,33.072,-16.3415,70.18,78,75,12.66
396,Preeceville,CA,2022-08-03 00:54:07,51.95,-102.6677,57.16,85,88,24.14
397,Constitucion,CL,2022-08-03 00:54:07,-35.3333,-72.4167,48.18,76,0,5.53
398,Bima,ID,2022-08-03 00:53:22,-8.4667,118.7167,84.67,59,28,2.73
399,Dallas,US,2022-08-03 00:49:27,32.7668,-96.7836,101.01,32,20,11.5
400,Aykhal,RU,2022-08-03 00:54:08,66.0,111.5,42.8,97,100,19.48
401,Manduria,IT,2022-08-03 00:54:08,40.4018,17.6335,81.32,60,0,13.87
402,Eldorado,BR,2022-08-03 00:51:14,-23.7869,-54.2836,68.09,49,0,4.7
403,Toktogul,KG,2022-08-03 00:54:09,41.8708,72.9402,62.8,84,14,0.16
404,Labuhan,ID,2022-08-03 00:54:09,-6.8844,112.2051,79.27,83,100,6.44
405,Krasnoselkup,RU,2022-08-03 00:54:10,65.7,82.4667,51.96,64,18,13.4
406,Ponta Delgada,PT,2022-08-03 00:54:10,37.7333,-25.6667,66.92,82,20,3.44
407,Sao Filipe,CV,2022-08-03 00:54:11,14.8961,-24.4956,77.43,83,43,6.15
408,Leningradskiy,RU,2022-08-03 00:54:11,69.3833,178.4167,51.46,65,100,8.97
409,Aklavik,CA,2022-08-03 00:54:12,68.2191,-135.0107,53.92,62,100,13.38
410,Slonim,BY,2022-08-03 00:54:12,53.0867,25.3219,56.59,91,0,4.54
411,Orange,US,2022-08-03 00:54:13,33.7,-117.7675,95.07,50,6,4.0
412,Vuktyl,RU,2022-08-03 00:54:13,63.8567,57.3094,57.36,65,6,5.1
413,Narsaq,GL,2022-08-03 00:54:14,60.9167,-46.05,45.16,79,7,1.92
414,Fortuna,US,2022-08-03 00:54:14,40.5982,-124.1573,72.93,76,20,13.8
415,Taltal,CL,2022-08-03 00:54:14,-25.4,-70.4833,55.8,82,1,3.2
416,Nadym,RU,2022-08-03 00:54:15,65.5333,72.5167,60.51,57,19,1.88
417,Victoria,HK,2022-08-03 00:50:57,22.2855,114.1577,84.38,84,100,11.01
418,Alyangula,AU,2022-08-03 00:55:16,-13.8483,136.4192,80.01,71,92,10.54
419,Inhambane,MZ,2022-08-03 00:55:16,-23.865,35.3833,62.87,70,25,4.18
420,Bayir,TR,2022-08-03 00:55:17,37.2687,28.2167,66.72,41,0,4.07
421,Ketchikan,US,2022-08-03 00:55:17,55.3422,-131.6461,62.58,78,97,6.2
422,Henties Bay,NA,2022-08-03 00:55:18,-22.116,14.2845,53.13,76,28,6.6
423,Havoysund,NO,2022-08-03 00:55:18,70.9963,24.6622,52.03,94,100,4.47
424,Kolochava,UA,2022-08-03 00:55:19,48.4285,23.6959,56.37,88,0,4.63
425,Leshukonskoye,RU,2022-08-03 00:55:19,64.8989,45.7622,61.83,74,100,9.35
426,Mnogovershinnyy,RU,2022-08-03 00:55:19,53.9353,139.9242,59.13,93,100,3.38
427,Catia La Mar,VE,2022-08-03 00:55:20,10.6038,-67.0303,82.6,83,40,0.0
428,Puerto Narino,CO,2022-08-03 00:55:20,-3.7703,-70.3831,73.38,98,100,1.95
429,Shetpe,KZ,2022-08-03 00:55:21,44.1667,52.1167,77.99,37,0,5.3
430,Gondar,ET,2022-08-03 00:55:21,12.6,37.4667,56.34,90,100,1.34
431,Flinders,AU,2022-08-03 00:55:22,-34.5833,150.8552,63.05,64,68,8.01
432,Havelock,US,2022-08-03 00:55:22,34.8791,-76.9013,85.98,87,0,10.36
433,Acambay,MX,2022-08-03 00:55:23,19.9558,-99.8417,55.24,92,94,6.35
434,Kaseda,JP,2022-08-03 00:55:23,31.4167,130.3167,84.54,76,86,4.54
435,Iracoubo,GF,2022-08-03 00:55:24,5.4802,-53.2011,78.08,88,99,8.86
436,Pontes E Lacerda,BR,2022-08-03 00:55:24,-15.2261,-59.3353,76.6,41,0,2.77
437,Christchurch,NZ,2022-08-03 00:52:30,-43.5333,172.6333,64.33,29,25,10.36
438,Klaksvik,FO,2022-08-03 00:55:25,62.2266,-6.589,49.12,89,100,18.07
439,Mumbwa,ZM,2022-08-03 00:55:25,-14.9783,27.0619,56.32,75,13,6.71
440,Ostersund,SE,2022-08-03 00:52:28,63.1792,14.6357,54.05,87,75,11.5
441,Kulhudhuffushi,MV,2022-08-03 00:55:26,6.6221,73.07,80.89,79,100,21.09
442,Wajima,JP,2022-08-03 00:55:26,37.4,136.9,83.08,83,75,16.11
443,Egvekinot,RU,2022-08-03 00:55:27,66.3167,-179.1667,57.13,54,26,13.06
444,Rocha,UY,2022-08-03 00:55:27,-34.4833,-54.3333,52.3,97,86,5.82
445,Hervey Bay,AU,2022-08-03 00:54:18,-25.2986,152.8535,68.02,85,100,3.0
446,Athabasca,CA,2022-08-03 00:50:37,54.7169,-113.2854,63.01,58,16,4.56
447,Lata,PT,2022-08-03 00:55:28,40.1629,-8.3327,61.05,94,32,0.49
448,Aasiaat,GL,2022-08-03 00:55:29,68.7098,-52.8699,41.63,95,100,11.34
449,Camabatela,AO,2022-08-03 00:55:29,-8.1881,15.375,55.13,96,14,4.12
450,Acapulco,MX,2022-08-03 00:55:30,16.8634,-99.8901,82.49,80,31,1.12
451,Port Keats,AU,2022-08-03 00:55:30,-14.25,129.55,81.55,55,100,4.29
452,Tabou,CI,2022-08-03 00:55:31,4.423,-7.3528,75.02,76,100,6.46
453,Mogok,MM,2022-08-03 00:55:31,22.9167,96.5,69.66,95,94,1.23
454,Barcarena,BR,2022-08-03 00:55:32,-1.5058,-48.6258,82.45,79,100,8.46
455,Vanavara,RU,2022-08-03 00:55:32,60.34,102.2797,56.89,94,100,5.32
456,Bend,US,2022-08-03 00:55:33,44.0582,-121.3153,89.46,35,21,7.0
457,Matara,LK,2022-08-03 00:55:33,5.9485,80.5353,76.84,88,100,18.97
458,Caucaia,BR,2022-08-03 00:55:34,-3.7361,-38.6531,79.03,79,75,8.05
459,Kenai,US,2022-08-03 00:55:32,60.5544,-151.2583,65.03,81,0,6.91
460,Atikokan,CA,2022-08-03 00:55:34,48.7555,-91.6216,68.13,88,100,10.27
461,Kirakira,SB,2022-08-03 00:52:05,-10.4544,161.9205,84.51,71,95,11.92
462,Mount Gambier,AU,2022-08-03 00:56:35,-37.8333,140.7667,57.11,72,40,20.71
463,Iquique,CL,2022-08-03 00:56:35,-20.2208,-70.1431,59.04,77,58,3.67
464,Batemans Bay,AU,2022-08-03 00:54:41,-35.7167,150.1833,65.19,59,90,8.23
465,Penalva,BR,2022-08-03 00:56:36,-3.2942,-45.1736,72.7,74,6,3.62
466,Segou,ML,2022-08-03 00:56:37,13.4317,-6.2157,80.51,62,100,5.84
467,Olenino,RU,2022-08-03 00:56:37,56.2092,33.4889,56.75,98,95,5.57
468,Lillooet,CA,2022-08-03 00:56:37,50.6856,-121.942,84.72,34,35,5.46
469,Shimoni,KE,2022-08-03 00:56:38,-4.6476,39.3817,73.06,83,13,11.01
470,New Haven,US,2022-08-03 00:56:38,41.4001,-72.9329,78.48,88,100,4.61
471,Novoorsk,RU,2022-08-03 00:56:39,51.381,58.9813,57.85,90,100,9.17
472,Labelle,US,2022-08-03 00:56:39,26.7617,-81.4384,78.85,66,79,1.03
473,Maniitsoq,GL,2022-08-03 00:56:40,65.4167,-52.9,42.84,94,77,5.86
474,Asyut,EG,2022-08-03 00:56:40,27.181,31.1837,86.18,37,11,11.54
475,Chapais,CA,2022-08-03 00:56:40,49.7834,-74.8492,64.18,69,9,4.94
476,Miandoab,IR,2022-08-03 00:56:41,36.9694,46.1027,79.18,22,0,4.83
477,Chiredzi,ZW,2022-08-03 00:56:41,-21.05,31.6667,57.36,90,0,6.26
478,The Valley,AI,2022-08-03 00:56:42,18.217,-63.0578,82.81,77,0,16.11
479,Axim,GH,2022-08-03 00:56:42,4.8699,-2.2405,72.34,78,3,6.76
480,Deniliquin,AU,2022-08-03 00:56:42,-35.5333,144.9667,65.44,50,39,18.57
481,Viedma,AR,2022-08-03 00:56:43,-40.8135,-62.9967,44.08,81,0,6.35
482,Tahta,EG,2022-08-03 00:56:43,26.7693,31.5021,84.83,33,89,8.23
483,Yeniseysk,RU,2022-08-03 00:56:44,58.4497,92.1703,51.98,82,100,4.16
484,Tarrafal,CV,2022-08-03 00:56:44,15.2833,-23.7667,79.59,82,16,3.53
485,Batagay-Alyta,RU,2022-08-03 00:56:45,67.8006,130.4114,47.34,82,100,2.89
486,Mezen,RU,2022-08-03 00:56:45,65.8522,44.24,60.19,83,100,11.79
487,Zonguldak,TR,2022-08-03 00:56:45,41.25,31.8333,60.15,94,54,3.0
488,Fairbanks,US,2022-08-03 00:56:46,64.8378,-147.7164,67.6,76,75,6.91
489,Ternate,ID,2022-08-03 00:56:46,0.8,127.4,82.15,75,28,0.78
490,Maxixe,MZ,2022-08-03 00:55:09,-23.8597,35.3472,61.3,73,20,3.53
491,Strezhevoy,RU,2022-08-03 00:56:47,60.7333,77.5889,57.04,69,0,8.16
492,Joshimath,IN,2022-08-03 00:56:47,30.5667,79.5667,71.01,86,63,0.54
493,Luanda,AO,2022-08-03 00:56:48,-8.8368,13.2343,66.2,82,40,6.91
494,Clearwater,US,2022-08-03 00:56:48,27.9659,-82.8001,88.07,71,0,11.99
495,Ixtlan Del Rio,MX,2022-08-03 00:56:49,21.0333,-104.3667,75.18,82,95,4.61
496,Coffs Harbour,AU,2022-08-03 00:56:49,-30.3,153.1333,66.16,59,92,8.05
497,Naryan-Mar,RU,2022-08-03 00:56:50,67.6713,53.087,62.37,64,100,7.87
498,Kaduy,RU,2022-08-03 00:56:50,59.2,37.15,61.07,93,98,4.34
499,Esperantinopolis,BR,2022-08-03 00:56:51,-4.8667,-44.7083,73.69,45,75,2.08
500,Sur,OM,2022-08-03 00:56:51,22.5667,59.5289,87.71,63,94,8.34
501,Biak,ID,2022-08-03 00:56:51,-0.9131,122.8766,79.72,75,99,6.51
502,Chagoda,RU,2022-08-03 00:56:52,59.164,35.3285,54.57,98,66,3.6
503,Alexandria,EG,2022-08-03 00:56:52,31.2156,29.9553,78.76,69,0,6.91
504,Ewa Beach,US,2022-08-03 00:52:48,21.3156,-158.0072,85.98,49,40,13.8
505,Laguna,US,2022-08-03 00:56:53,38.421,-121.4238,104.14,31,0,10.36
506,Orange Park,US,2022-08-03 00:55:09,30.1661,-81.7065,88.02,76,100,6.91
507,San Andres,CO,2022-08-03 00:56:53,12.5847,-81.7006,78.82,83,100,9.22
508,Tashtyp,RU,2022-08-03 00:56:54,52.7939,89.8983,57.38,95,93,1.03
509,Sarangani,PH,2022-08-03 00:56:54,5.4033,125.4636,83.59,73,22,12.03
510,Kotka,FI,2022-08-03 00:57:55,60.4664,26.9458,58.26,75,100,5.46
511,Otse,BW,2022-08-03 00:57:55,-25.0167,25.7333,48.83,85,51,8.5
512,Chato,TZ,2022-08-03 00:57:56,-2.6378,31.7669,64.4,84,53,1.05
513,Charters Towers,AU,2022-08-03 00:57:56,-20.1,146.2667,73.56,57,0,10.13
514,Cumra,TR,2022-08-03 00:57:56,37.5732,32.7745,70.66,45,0,9.01
515,Karacabey,TR,2022-08-03 00:57:57,40.2152,28.4038,66.92,90,0,3.62
516,Chicama,PE,2022-08-03 00:57:57,-7.8447,-79.1469,57.74,86,47,7.7
517,Kerman,IR,2022-08-03 00:57:58,30.2832,57.0788,67.86,32,0,9.22
518,Choya,RU,2022-08-03 00:57:58,52.0108,86.5467,59.99,98,94,1.54
519,Prince Rupert,CA,2022-08-03 00:56:52,54.3161,-130.3201,55.49,94,100,8.05
520,Kamiiso,JP,2022-08-03 00:57:59,41.8167,140.65,68.38,94,75,13.8
521,Baykit,RU,2022-08-03 00:57:59,61.67,96.37,53.46,91,100,2.71
522,Pacifica,US,2022-08-03 00:58:00,37.6138,-122.4869,80.04,85,100,14.97
523,Waipawa,NZ,2022-08-03 00:58:00,-41.4122,175.5153,56.07,73,60,18.45
524,Dondo,MZ,2022-08-03 00:58:01,-19.6094,34.7431,69.31,90,11,3.44
525,Sawakin,SD,2022-08-03 00:58:01,19.1059,37.3321,91.76,44,83,22.21
526,Pingzhuang,CN,2022-08-03 00:58:02,42.0372,119.2889,83.17,61,0,5.01
527,Newport,GB,2022-08-03 00:53:07,51.5877,-2.9984,69.46,90,97,15.57
528,Kurri Kurri,AU,2022-08-03 00:57:52,-32.8167,151.4833,59.79,69,9,8.32
529,Puerto Carreno,CO,2022-08-03 00:58:02,6.189,-67.4859,77.0,87,100,4.92
530,Porto Belo,BR,2022-08-03 00:58:03,-27.1578,-48.5531,66.15,94,10,1.61
531,Odate,JP,2022-08-03 00:58:03,40.2686,140.5683,69.94,100,75,12.66
532,Sendai,JP,2022-08-03 00:58:04,38.2689,140.8719,79.99,89,75,8.05
533,Luwuk,ID,2022-08-03 00:53:35,-0.9516,122.7875,81.97,75,100,5.75
534,Rio Grande,BR,2022-08-03 00:56:43,-32.035,-52.0986,57.31,91,100,5.06
535,Merauke,ID,2022-08-03 00:58:05,-8.4667,140.3333,82.24,75,78,10.45
536,Marsabit,KE,2022-08-03 00:58:05,2.3284,37.9899,63.72,58,87,14.43
537,Ojinaga,MX,2022-08-03 00:58:05,29.5667,-104.4167,102.58,27,40,10.36
538,Balakhninskiy,RU,2022-08-03 00:58:06,58.0106,114.2769,73.87,66,69,2.44
539,Moerai,PF,2022-08-03 00:58:06,-22.4333,-151.3333,72.32,61,29,17.2
540,Devils Lake,US,2022-08-03 00:54:26,48.1128,-98.8651,84.18,60,0,18.41
541,Khanna,IN,2022-08-03 00:58:07,30.7044,76.2231,80.35,84,99,6.31
542,Alofi,NU,2022-08-03 00:57:58,-19.0595,-169.9187,80.49,61,40,16.11
543,Bryanka,UA,2022-08-03 00:58:08,48.511,38.6722,64.06,89,47,6.29
544,Adrar,MR,2022-08-03 00:58:08,20.5022,-10.0711,91.45,36,8,17.22
545,Mayo,US,2022-08-03 00:53:53,38.8876,-76.5119,86.97,81,12,5.21
546,Pedasi,PA,2022-08-03 00:58:09,7.5333,-80.0333,77.07,88,100,10.09
547,Namie,JP,2022-08-03 00:58:09,37.4833,141.0,82.98,78,100,4.18
548,Merke,KZ,2022-08-03 00:58:10,42.8728,73.1786,68.02,62,14,6.82
549,Vierzon,FR,2022-08-03 00:58:10,47.2101,2.0625,70.39,51,12,5.03
550,Saint Anthony,US,2022-08-03 00:58:10,45.0205,-93.218,93.13,66,20,13.8
551,Terenos,BR,2022-08-03 00:58:11,-20.4422,-54.8603,71.31,46,0,4.61
552,Riyadh,SA,2022-08-03 00:55:01,24.6877,46.7219,93.34,39,0,6.24
553,Batagay,RU,2022-08-03 00:58:12,67.6333,134.6333,50.52,85,100,2.66
554,Machali,CL,2022-08-03 00:58:12,-34.1833,-70.6667,48.81,73,0,2.17
555,General Roca,AR,2022-08-03 00:58:12,-39.0333,-67.5833,47.64,38,0,4.9
556,Edd,ER,2022-08-03 00:58:13,13.9297,41.6925,86.18,66,91,7.16
557,Sao Paulo,BR,2022-08-03 00:55:38,-23.5475,-46.6361,67.44,65,0,5.75
558,Sungaipenuh,ID,2022-08-03 00:58:13,-2.0833,101.3833,64.31,98,100,1.23
559,Tokoroa,NZ,2022-08-03 00:59:14,-38.2333,175.8667,55.94,85,100,3.0
560,Auki,SB,2022-08-03 00:59:14,-8.7676,160.7034,86.04,63,14,4.72
561,Igarka,RU,2022-08-03 00:59:15,67.4667,86.5833,50.47,67,0,7.16
562,Chikmagalur,IN,2022-08-03 00:59:15,13.3167,75.7833,66.94,97,100,1.68
563,Shingu,JP,2022-08-03 00:59:16,33.7333,135.9833,91.71,52,100,1.48
564,Collie,AU,2022-08-03 00:59:16,-33.3667,116.15,47.98,83,99,18.48
565,Waingapu,ID,2022-08-03 00:59:16,-9.6567,120.2641,80.29,66,44,7.36
566,Birin,NP,2022-08-03 00:59:17,26.8865,88.0718,66.45,90,100,1.61
567,Yarada,IN,2022-08-03 00:59:17,17.65,83.2667,79.12,94,40,3.44
568,Mardin,TR,2022-08-03 00:59:18,37.3131,40.7436,72.66,36,0,3.44
569,Augustow,PL,2022-08-03 00:56:11,53.8432,22.9798,55.81,93,11,2.01
570,Maiduguri,NG,2022-08-03 00:59:19,11.8464,13.1603,73.33,82,100,9.13
571,Thinadhoo,MV,2022-08-03 00:59:19,0.5333,72.9333,80.26,76,99,10.45
572,Pascagoula,US,2022-08-03 00:56:29,30.3658,-88.5561,78.84,94,100,6.02
573,Ilebo,CD,2022-08-03 00:59:20,-4.3167,20.5833,73.31,80,99,2.98
574,Golubitskaya,RU,2022-08-03 00:59:20,45.3222,37.2822,68.43,76,0,5.14
575,Nouadhibou,MR,2022-08-03 00:59:21,20.931,-17.0347,75.18,83,5,6.91
576,Jamame,SO,2022-08-03 00:59:21,0.0722,42.7506,74.12,78,3,12.08
577,Nakusp,CA,2022-08-03 00:58:29,50.2499,-117.8023,84.47,47,100,2.3
578,Naron,ES,2022-08-03 00:59:22,43.5167,-8.1528,70.03,91,65,10.42
579,Banjar,ID,2022-08-03 00:59:23,-8.19,114.9675,82.24,69,25,1.86
580,Mogadishu,SO,2022-08-03 00:59:23,2.0371,45.3438,75.88,81,99,18.16
