City_ID,City,Country,Date,Lat,Lng,Max Temp,Humidity,Cloudiness,Wind Speed,Description
0,Ushuaia,AR,2022-08-11 04:37:48,-54.8,-68.3,33.46,100,100,1.14,light rain
1,Saint-Philippe,RE,2022-08-11 04:39:11,-21.3585,55.7679,67.59,81,79,18.5,light rain
2,Vaini,TO,2022-08-11 04:39:12,-21.2,-175.2,78.96,94,75,14.97,broken clouds
3,Hobart,AU,2022-08-11 04:44:04,-42.8794,147.3294,55.26,69,0,5.75,clear sky
4,Andra,RU,2022-08-11 04:44:04,62.5147,65.8878,63.46,53,100,11.12,overcast clouds
5,Hovd,MN,2022-08-11 04:39:20,48.0056,91.6419,73.44,36,57,10.33,broken clouds
6,Mar Del Plata,AR,2022-08-11 04:41:29,-38.0023,-57.5575,46.87,91,0,15.01,clear sky
7,Albany,US,2022-08-11 04:37:56,42.6001,-73.9662,65.34,91,9,3.47,clear sky
8,Hermanus,ZA,2022-08-11 04:39:05,-34.4187,19.2345,48.79,89,98,6.6,overcast clouds
9,Cape Town,ZA,2022-08-11 04:36:26,-33.9258,18.4232,55.11,92,40,5.75,scattered clouds
10,Kodiak,US,2022-08-11 04:39:13,57.79,-152.4072,54.91,94,100,4.61,mist
11,Jinchang,CN,2022-08-11 04:44:06,38.4953,102.1739,83.1,52,24,9.17,few clouds
12,Lavrentiya,RU,2022-08-11 04:39:11,65.5833,-171.0,47.44,87,64,4.76,broken clouds
13,Traverse City,US,2022-08-11 04:44:07,44.7631,-85.6206,69.87,68,0,5.75,clear sky
14,Ilulissat,GL,2022-08-11 04:40:01,69.2167,-51.1,42.82,81,100,4.61,overcast clouds
15,Arlit,NE,2022-08-11 04:44:07,18.7369,7.3853,93.36,32,60,9.98,broken clouds
16,Yellowknife,CA,2022-08-11 04:38:00,62.456,-114.3525,55.92,67,75,12.66,broken clouds
17,Saskylakh,RU,2022-08-11 04:44:08,71.9167,114.0833,50.56,66,100,15.21,overcast clouds
18,Huarmey,PE,2022-08-11 04:44:09,-10.0681,-78.1522,61.57,86,39,5.08,scattered clouds
19,Paris,FR,2022-08-11 04:40:51,48.8534,2.3488,70.14,54,0,6.91,clear sky
20,Ugoofaaru,MV,2022-08-11 04:44:09,5.6667,73.0,81.95,80,47,11.52,scattered clouds
21,Mataura,NZ,2022-08-11 04:35:38,-46.1927,168.8643,44.47,71,31,4.12,scattered clouds
22,Abong Mbang,CM,2022-08-11 04:44:10,3.9833,13.1833,67.48,99,100,2.75,overcast clouds
23,Rocha,UY,2022-08-11 04:44:10,-34.4833,-54.3333,43.21,91,93,3.8,overcast clouds
24,Clyde River,CA,2022-08-11 04:44:11,70.4692,-68.5914,34.03,100,100,9.22,light rain
25,Pokhara,NP,2022-08-11 04:44:03,28.2333,83.9833,86.14,56,99,5.35,overcast clouds
26,Puerto Ayora,EC,2022-08-11 04:39:13,-0.7393,-90.3518,70.56,92,95,5.99,overcast clouds
27,Rikitea,PF,2022-08-11 04:35:49,-23.1203,-134.9692,73.18,72,100,21.65,overcast clouds
28,Buenos Aires,AR,2022-08-11 04:43:37,-34.6132,-58.3772,53.33,76,0,11.5,clear sky
29,Palauig,PH,2022-08-11 04:44:12,15.435,119.9045,85.51,71,75,8.79,broken clouds
30,Batagay-Alyta,RU,2022-08-11 04:44:13,67.8006,130.4114,72.7,41,61,5.66,broken clouds
31,Taltal,CL,2022-08-11 04:44:13,-25.4,-70.4833,56.77,76,55,1.86,broken clouds
32,Bredasdorp,ZA,2022-08-11 04:37:53,-34.5322,20.0403,50.49,94,100,4.07,overcast clouds
33,Jamestown,US,2022-08-11 04:37:47,42.097,-79.2353,62.71,68,0,1.01,clear sky
34,Barrow,US,2022-08-11 04:37:49,71.2906,-156.7887,46.42,93,100,18.41,fog
35,Chokurdakh,RU,2022-08-11 04:44:14,70.6333,147.9167,68.7,48,100,15.21,overcast clouds
36,Busselton,AU,2022-08-11 04:37:52,-33.65,115.3333,58.53,65,59,3.36,broken clouds
37,Bemidji,US,2022-08-11 04:44:15,47.4736,-94.8803,59.05,93,0,0.0,clear sky
38,Portland,US,2022-08-11 04:36:32,45.5234,-122.6762,70.41,74,28,4.0,scattered clouds
39,Broome,US,2022-08-11 04:44:16,42.2506,-75.833,66.58,81,0,0.0,clear sky
40,Molina,CL,2022-08-11 04:40:01,-35.1167,-71.2833,44.33,93,0,0.0,clear sky
41,Marica,BR,2022-08-11 04:44:17,-22.9194,-42.8186,69.75,59,46,18.14,scattered clouds
42,Adrar,MR,2022-08-11 04:45:17,20.5022,-10.0711,89.11,33,82,6.13,broken clouds
43,Yar-Sale,RU,2022-08-11 04:45:17,66.8333,70.8333,60.17,49,58,10.96,broken clouds
44,Lokosovo,RU,2022-08-11 04:45:18,61.1333,74.8167,68.31,49,29,3.91,scattered clouds
45,Boa Vista,BR,2022-08-11 04:45:18,2.8197,-60.6733,82.38,74,0,2.3,clear sky
46,Butaritari,KI,2022-08-11 04:41:48,3.0707,172.7902,81.84,74,15,15.1,few clouds
47,Qinhuangdao,CN,2022-08-11 04:45:19,39.9317,119.5883,85.42,57,0,11.74,clear sky
48,Bambous Virieux,MU,2022-08-11 04:45:19,-20.3428,57.7575,72.21,64,75,12.66,light rain
49,Okha,RU,2022-08-11 04:41:21,53.5739,142.9478,62.37,82,100,8.63,light rain
50,Helong,CN,2022-08-11 04:45:20,42.5397,128.9972,79.81,51,93,2.04,overcast clouds
51,Iqaluit,CA,2022-08-11 04:45:21,63.7506,-68.5145,44.33,81,20,8.99,few clouds
52,Lima,PE,2022-08-11 04:41:24,-12.0432,-77.0282,59.9,86,100,10.36,overcast clouds
53,Scottsbluff,US,2022-08-11 04:45:21,41.8666,-103.6672,82.29,38,0,8.01,clear sky
54,Rio Gallegos,AR,2022-08-11 04:41:34,-51.6226,-69.2181,37.45,87,0,10.36,clear sky
55,Sao Joao Da Barra,BR,2022-08-11 04:45:22,-21.6403,-41.0511,70.03,45,88,21.12,light rain
56,Tromso,NO,2022-08-11 04:41:56,69.6496,18.957,53.62,76,75,25.32,light intensity shower rain
57,Tuktoyaktuk,CA,2022-08-11 04:45:23,69.4541,-133.0374,48.2,93,100,21.85,light rain
58,Samarai,PG,2022-08-11 04:45:23,-10.6167,150.6667,78.91,77,91,16.64,overcast clouds
59,Esperance,AU,2022-08-11 04:40:29,-33.8667,121.9,58.15,65,86,15.01,overcast clouds
60,Santa Maria,BR,2022-08-11 04:45:24,-29.6842,-53.8069,46.0,95,50,3.18,scattered clouds
61,Tasiilaq,GL,2022-08-11 04:45:24,65.6145,-37.6368,37.56,76,79,2.68,broken clouds
62,Buriti Dos Lopes,BR,2022-08-11 04:45:24,-3.175,-41.8669,71.55,88,99,4.99,overcast clouds
63,Grand Baie,MU,2022-08-11 04:45:25,-20.0182,57.5802,72.45,53,69,10.0,broken clouds
64,Dandong,CN,2022-08-11 04:40:50,40.1292,124.3947,79.65,65,0,8.1,clear sky
65,Vieux-Habitants,GP,2022-08-11 04:45:25,16.0589,-61.7659,77.72,82,38,12.21,scattered clouds
66,Itarema,BR,2022-08-11 04:45:26,-2.9248,-39.9167,75.88,82,86,13.65,overcast clouds
67,Port Alfred,ZA,2022-08-11 04:37:48,-33.5906,26.891,57.72,84,70,2.55,broken clouds
68,Kapaa,US,2022-08-11 04:39:12,22.0752,-159.319,84.18,79,75,19.57,broken clouds
69,North Bend,US,2022-08-11 04:45:27,43.4065,-124.2243,61.16,94,0,4.61,clear sky
70,Ahipara,NZ,2022-08-11 04:40:27,-35.1667,173.1667,53.89,83,45,7.74,scattered clouds
71,Mozarlandia,BR,2022-08-11 04:45:27,-14.7447,-50.5706,67.96,27,74,10.98,broken clouds
72,Laguna,US,2022-08-11 04:45:28,38.421,-121.4238,77.76,58,0,9.22,clear sky
73,Pisco,PE,2022-08-11 04:45:28,-13.7,-76.2167,58.01,88,40,0.0,scattered clouds
74,Touros,BR,2022-08-11 04:45:29,-5.1989,-35.4608,72.75,91,47,8.95,scattered clouds
75,Patiya,BD,2022-08-11 04:45:29,22.2931,91.9762,85.95,74,75,10.36,broken clouds
76,Itacarambi,BR,2022-08-11 04:45:30,-15.1022,-44.0919,72.14,42,52,7.4,broken clouds
77,Scarborough,GB,2022-08-11 04:45:09,54.2797,-0.4044,65.34,83,6,3.98,clear sky
78,Channel-Port Aux Basques,CA,2022-08-11 04:45:30,47.5702,-59.1367,60.13,87,76,10.31,broken clouds
79,Tanda,IN,2022-08-11 04:45:31,26.55,82.65,91.4,51,95,22.03,overcast clouds
80,Havelock,US,2022-08-11 04:44:58,34.8791,-76.9013,84.18,86,0,6.91,clear sky
81,Otradnoye,RU,2022-08-11 04:45:31,59.7775,30.8181,63.03,63,97,7.25,overcast clouds
82,Ribeira Grande,PT,2022-08-11 04:45:32,38.5167,-28.7,72.07,73,24,6.04,few clouds
83,Wanning,CN,2022-08-11 04:45:32,18.8003,110.3967,86.77,67,100,7.52,light rain
84,Hithadhoo,MV,2022-08-11 04:40:37,-0.6,73.0833,82.42,73,5,12.37,clear sky
85,Nikolskoye,RU,2022-08-11 04:41:50,59.7035,30.7861,62.87,63,94,7.14,overcast clouds
86,Atuona,PF,2022-08-11 04:41:43,-9.8,-139.0333,77.14,75,4,23.76,clear sky
87,Lagoa,PT,2022-08-11 04:40:25,39.05,-27.9833,70.41,74,6,5.19,clear sky
88,New Norfolk,AU,2022-08-11 04:38:02,-42.7826,147.0587,56.7,73,99,3.4,overcast clouds
89,Balabac,PH,2022-08-11 04:46:34,7.9868,117.0645,85.35,71,59,4.32,broken clouds
90,Chuy,UY,2022-08-11 04:39:14,-33.6971,-53.4616,48.36,90,97,3.83,overcast clouds
91,Nanyang,CN,2022-08-11 04:46:35,32.9947,112.5328,104.72,30,14,12.21,few clouds
92,Atlantic City,US,2022-08-11 04:41:40,39.3643,-74.4229,77.18,88,20,3.44,moderate rain
93,Puerto Escondido,MX,2022-08-11 04:40:37,15.85,-97.0667,76.55,94,100,6.98,overcast clouds
94,Dunmore Town,BS,2022-08-11 04:46:35,25.5,-76.65,82.56,72,0,14.38,clear sky
95,Nerchinskiy Zavod,RU,2022-08-11 04:46:36,51.3088,119.61,60.93,64,95,7.05,overcast clouds
96,Dikson,RU,2022-08-11 04:37:51,73.5069,80.5464,42.22,89,100,13.67,overcast clouds
97,Doha,QA,2022-08-11 04:44:42,25.2867,51.5333,96.78,71,61,8.05,broken clouds
98,Tiksi,RU,2022-08-11 04:46:37,71.6872,128.8694,52.3,65,100,1.92,overcast clouds
99,Bethel,US,2022-08-11 04:41:47,41.3712,-73.414,73.76,77,20,0.0,few clouds
100,East London,ZA,2022-08-11 04:40:35,-33.0153,27.9116,50.94,93,20,1.14,few clouds
101,Alexandria,EG,2022-08-11 04:46:37,31.2156,29.9553,73.94,65,0,3.44,clear sky
102,Avarua,CK,2022-08-11 04:46:38,-21.2078,-159.775,73.45,78,75,11.5,broken clouds
103,Jilin,CN,2022-08-11 04:46:38,43.0,126.0,71.47,86,97,7.78,overcast clouds
104,Sioux Lookout,CA,2022-08-11 04:42:42,50.1001,-91.917,50.07,100,0,2.3,clear sky
105,Kamwenge,UG,2022-08-11 04:46:39,0.1866,30.4539,67.53,67,100,0.6,overcast clouds
106,Bluff,NZ,2022-08-11 04:35:42,-46.6,168.3333,44.8,61,12,9.04,few clouds
107,Port Lincoln,AU,2022-08-11 04:46:40,-34.7333,135.8667,54.86,82,79,30.18,broken clouds
108,Punta Arenas,CL,2022-08-11 04:39:15,-53.15,-70.9167,32.11,93,0,5.75,clear sky
109,Cherskiy,RU,2022-08-11 04:39:10,68.75,161.3,70.21,51,32,4.68,scattered clouds
110,Hornepayne,CA,2022-08-11 04:46:40,49.2138,-84.7705,48.63,87,24,5.3,few clouds
111,Victoria,HK,2022-08-11 04:45:10,22.2855,114.1577,81.25,90,92,10.0,moderate rain
112,Henties Bay,NA,2022-08-11 04:46:41,-22.116,14.2845,51.58,90,3,2.33,clear sky
113,Cururupu,BR,2022-08-11 04:46:41,-1.8283,-44.8683,72.81,94,15,3.15,few clouds
114,Shimoda,JP,2022-08-11 04:46:42,34.6667,138.95,84.11,80,57,13.09,moderate rain
115,Wajir,KE,2022-08-11 04:46:42,1.7471,40.0573,73.42,74,64,17.4,broken clouds
116,Qaanaaq,GL,2022-08-11 04:36:56,77.484,-69.3632,32.27,70,59,6.46,broken clouds
117,Kavaratti,IN,2022-08-11 04:46:43,10.5669,72.642,81.3,84,83,19.51,broken clouds
118,Sola,VU,2022-08-11 04:46:43,-13.8833,167.55,78.44,78,97,29.66,overcast clouds
119,Cockburn Town,TC,2022-08-11 04:46:44,21.4612,-71.1419,81.46,78,2,18.63,clear sky
120,Cayenne,GF,2022-08-11 04:46:44,4.9333,-52.3333,79.09,1,25,0.0,scattered clouds
121,Vrangel,RU,2022-08-11 04:46:45,42.7297,133.0839,72.63,87,94,4.03,overcast clouds
122,Morant Bay,JM,2022-08-11 04:46:45,17.8815,-76.4093,82.02,83,12,7.52,few clouds
123,Los Llanos De Aridane,ES,2022-08-11 04:46:45,28.6585,-17.9182,67.12,93,0,4.61,clear sky
124,Aykhal,RU,2022-08-11 04:46:46,66.0,111.5,51.06,96,100,9.64,light rain
125,Darnah,LY,2022-08-11 04:46:46,32.767,22.6367,80.01,76,0,17.67,clear sky
126,Port Blair,IN,2022-08-11 04:38:51,11.6667,92.75,86.04,74,40,12.66,scattered clouds
127,Cookeville,US,2022-08-11 04:46:47,36.1628,-85.5016,70.79,99,100,0.0,mist
128,Byron Bay,AU,2022-08-11 04:44:35,-28.65,153.6167,65.71,63,64,6.58,broken clouds
129,Coos Bay,US,2022-08-11 04:45:09,43.3665,-124.2179,61.23,94,0,4.61,clear sky
130,Upernavik,GL,2022-08-11 04:37:04,72.7868,-56.1549,40.6,87,100,3.42,overcast clouds
131,Treinta Y Tres,UY,2022-08-11 04:46:48,-33.2333,-54.3833,43.59,88,100,3.47,overcast clouds
132,Mehamn,NO,2022-08-11 04:40:33,71.0357,27.8492,57.15,94,100,10.36,moderate rain
133,Arraial Do Cabo,BR,2022-08-11 04:37:54,-22.9661,-42.0278,68.18,56,56,25.79,broken clouds
134,Baikunthpur,IN,2022-08-11 04:47:49,23.25,82.55,73.4,95,100,5.5,overcast clouds
135,Marsa Matruh,EG,2022-08-11 04:47:49,31.3525,27.2453,73.6,83,0,6.91,clear sky
136,Bougouni,ML,2022-08-11 04:47:50,11.417,-7.479,71.38,97,74,2.95,light rain
137,Kalmunai,LK,2022-08-11 04:45:46,7.4167,81.8167,90.12,46,98,4.94,overcast clouds
138,Beringovskiy,RU,2022-08-11 04:47:50,63.05,179.3167,62.74,68,50,7.18,scattered clouds
139,Camopi,GF,2022-08-11 04:47:51,3.1655,-52.3158,71.56,99,68,1.43,broken clouds
140,Labuhan,ID,2022-08-11 04:47:51,-6.8844,112.2051,87.08,61,64,8.32,broken clouds
141,Provideniya,RU,2022-08-11 04:47:52,64.3833,-173.3,51.91,93,20,8.95,fog
142,Banda Aceh,ID,2022-08-11 04:47:52,5.5577,95.3222,85.84,61,94,7.67,overcast clouds
143,Port Hardy,CA,2022-08-11 04:47:53,50.6996,-127.4199,57.38,100,75,0.0,broken clouds
144,Lompoc,US,2022-08-11 04:46:04,34.6391,-120.4579,65.01,90,100,8.05,overcast clouds
145,Verkhnevilyuysk,RU,2022-08-11 04:47:53,63.4453,120.3167,72.55,53,58,5.5,broken clouds
146,Geraldton,AU,2022-08-11 04:47:54,-28.7667,114.6,64.81,52,0,13.8,clear sky
147,Sao Filipe,CV,2022-08-11 04:41:53,14.8961,-24.4956,77.09,87,72,8.95,broken clouds
148,Aksha,RU,2022-08-11 04:47:54,50.2814,113.2867,68.0,49,100,10.8,overcast clouds
149,Maceio,BR,2022-08-11 04:47:55,-9.6658,-35.7353,71.04,88,40,4.61,scattered clouds
150,Russell,US,2022-08-11 04:45:26,32.3502,-85.1999,73.0,100,75,3.44,broken clouds
151,Norman Wells,CA,2022-08-11 04:47:55,65.282,-126.8329,57.24,51,20,4.61,few clouds
152,Pacific Grove,US,2022-08-11 04:44:12,36.6177,-121.9166,66.31,87,0,5.75,clear sky
153,Kirkenaer,NO,2022-08-11 04:47:56,60.4564,12.0582,59.2,86,59,2.71,broken clouds
154,Omalur,IN,2022-08-11 04:47:56,11.741,78.0456,82.65,65,20,5.75,few clouds
155,Hervey Bay,AU,2022-08-11 04:47:57,-25.2986,152.8535,69.03,67,64,8.01,broken clouds
156,Yelizovo,RU,2022-08-11 04:47:57,53.1873,158.3805,66.34,68,75,8.99,broken clouds
157,Bengkulu,ID,2022-08-11 04:41:50,-3.8004,102.2655,83.82,68,46,6.73,scattered clouds
158,Puerto Madryn,AR,2022-08-11 04:47:58,-42.7692,-65.0385,49.06,55,20,10.16,few clouds
159,Collie,AU,2022-08-11 04:47:58,-33.3667,116.15,60.78,52,35,4.79,scattered clouds
160,Port Elizabeth,ZA,2022-08-11 04:37:19,-33.918,25.5701,50.29,93,0,2.3,clear sky
161,Shenjiamen,CN,2022-08-11 04:47:59,29.9576,122.298,85.48,77,41,16.35,scattered clouds
162,Talnakh,RU,2022-08-11 04:40:23,69.4865,88.3972,52.21,53,68,9.28,broken clouds
163,Beausejour,CA,2022-08-11 04:48:00,50.0622,-96.5167,54.84,76,30,4.05,scattered clouds
164,Bonthe,SL,2022-08-11 04:48:00,7.5264,-12.505,75.52,91,100,9.13,moderate rain
165,Champerico,GT,2022-08-11 04:48:01,14.3,-91.9167,78.17,76,99,6.64,overcast clouds
166,Lorengau,PG,2022-08-11 04:48:01,-2.0226,147.2712,84.18,69,77,2.04,broken clouds
167,Ipatinga,BR,2022-08-11 04:43:36,-19.4683,-42.5367,75.27,35,0,8.05,clear sky
168,Poum,NC,2022-08-11 04:39:09,-20.2333,164.0167,71.31,58,1,23.2,clear sky
169,Yulara,AU,2022-08-11 04:48:02,-25.2406,130.9889,62.62,25,73,7.85,broken clouds
170,Lebanon,US,2022-08-11 04:48:03,36.2081,-86.2911,74.16,91,20,3.44,few clouds
171,Saint Anthony,US,2022-08-11 04:41:53,45.0205,-93.218,73.8,67,0,6.91,clear sky
172,Mareeba,AU,2022-08-11 04:48:03,-17.0,145.4333,75.92,58,4,8.86,clear sky
173,Muros,ES,2022-08-11 04:48:04,42.7762,-9.0603,64.17,94,35,3.6,scattered clouds
174,Yerbogachen,RU,2022-08-11 04:48:04,61.2767,108.0108,70.83,52,12,7.92,few clouds
175,Pinawa,CA,2022-08-11 04:48:05,50.1489,-95.8811,53.94,76,0,4.07,clear sky
176,Negombo,LK,2022-08-11 04:48:05,7.2083,79.8358,84.25,74,40,6.91,scattered clouds
177,Belaya Kalitva,RU,2022-08-11 04:48:05,48.17,40.78,85.35,32,70,13.91,broken clouds
178,Tapes,BR,2022-08-11 04:48:06,-30.6733,-51.3958,52.21,89,30,3.11,scattered clouds
179,Kuching,MY,2022-08-11 04:49:06,1.55,110.3333,89.82,66,40,5.01,scattered clouds
180,Berlevag,NO,2022-08-11 04:49:07,70.8578,29.0864,57.2,88,100,2.3,light rain
181,Raton,US,2022-08-11 04:49:07,36.9034,-104.4391,66.54,77,100,3.44,overcast clouds
182,Ancud,CL,2022-08-11 04:49:08,-41.8697,-73.8203,51.22,95,100,14.34,light rain
183,Buala,SB,2022-08-11 04:49:08,-8.145,159.5921,84.27,70,70,8.14,light rain
184,Mandal,IN,2022-08-11 04:49:09,25.45,74.5667,83.73,72,96,17.65,overcast clouds
185,Luderitz,NA,2022-08-11 04:39:19,-26.6481,15.1594,53.8,65,6,10.36,clear sky
186,Garissa,KE,2022-08-11 04:49:09,-0.4536,39.6401,73.24,76,94,19.3,overcast clouds
187,Bandarbeyla,SO,2022-08-11 04:49:10,9.4942,50.8122,81.3,63,100,32.39,overcast clouds
188,Salym,RU,2022-08-11 04:49:10,60.0625,71.4789,72.32,41,35,3.56,scattered clouds
189,Vilani,LV,2022-08-11 04:49:11,56.5525,26.9245,60.24,68,8,1.12,clear sky
190,Mahebourg,MU,2022-08-11 04:46:48,-20.4081,57.7,72.25,64,75,12.66,broken clouds
191,Susuman,RU,2022-08-11 04:49:11,62.7833,148.1667,55.63,84,100,3.62,overcast clouds
192,Bloemfontein,ZA,2022-08-11 04:49:12,-29.1211,26.214,33.28,86,0,2.3,clear sky
193,Shakawe,BW,2022-08-11 04:49:12,-18.3667,21.85,51.31,19,0,3.85,clear sky
194,Belaya Gora,RU,2022-08-11 04:49:13,68.5333,146.4167,70.79,52,87,8.55,overcast clouds
195,Dwarka,IN,2022-08-11 04:49:13,22.2394,68.9678,84.97,77,100,8.75,overcast clouds
196,Staryy Krym,UA,2022-08-11 04:49:13,45.0333,35.1,74.25,63,86,2.51,overcast clouds
197,Saldanha,ZA,2022-08-11 04:49:14,-33.0117,17.9442,55.45,90,100,2.98,overcast clouds
198,Chitral,PK,2022-08-11 04:44:21,35.8462,71.7858,83.21,54,3,5.14,clear sky
199,Kirakira,SB,2022-08-11 04:36:40,-10.4544,161.9205,81.39,84,45,8.1,scattered clouds
200,Aklavik,CA,2022-08-11 04:44:45,68.2191,-135.0107,55.47,55,96,5.64,overcast clouds
201,Yarensk,RU,2022-08-11 04:49:15,62.1675,49.0916,64.02,52,72,5.7,broken clouds
202,Shelburne,CA,2022-08-11 04:45:10,44.0787,-80.2041,64.6,86,4,8.41,clear sky
203,Auki,SB,2022-08-11 04:49:16,-8.7676,160.7034,82.17,76,28,1.9,scattered clouds
204,Okhotsk,RU,2022-08-11 04:49:16,59.3833,143.3,58.57,90,100,9.71,light rain
205,Kaitangata,NZ,2022-08-11 04:49:16,-46.2817,169.8464,42.28,68,19,6.55,few clouds
206,Placido De Castro,BR,2022-08-11 04:49:17,-10.3353,-67.1856,65.26,69,7,3.02,clear sky
207,Seybaplaya,MX,2022-08-11 04:49:17,19.65,-90.6667,75.67,89,100,5.75,overcast clouds
208,Pangody,RU,2022-08-11 04:49:18,65.85,74.4859,60.26,46,32,2.62,scattered clouds
209,Shetpe,KZ,2022-08-11 04:49:18,44.1667,52.1167,89.53,20,0,11.83,clear sky
210,Wasilla,US,2022-08-11 04:45:39,61.5814,-149.4394,67.42,62,0,4.61,clear sky
211,Ekhabi,RU,2022-08-11 04:49:19,53.5102,142.9671,64.13,79,100,10.02,light rain
212,Calvinia,ZA,2022-08-11 04:49:19,-31.4707,19.776,46.54,71,100,2.46,overcast clouds
213,Torbay,CA,2022-08-11 04:49:20,47.6666,-52.7314,58.57,89,100,9.22,overcast clouds
214,Roald,NO,2022-08-11 04:40:39,62.5833,6.1333,64.17,94,75,20.71,light intensity drizzle
215,Lebu,CL,2022-08-11 04:38:42,-37.6167,-73.65,45.14,87,2,4.65,clear sky
216,Oranjemund,NA,2022-08-11 04:49:20,-28.55,16.4333,51.58,87,54,6.51,broken clouds
217,Georgetown,MY,2022-08-11 04:44:41,5.4112,100.3354,89.55,70,20,8.05,few clouds
218,Luena,AO,2022-08-11 04:49:21,-11.7833,19.9167,49.96,33,6,3.89,clear sky
219,Faanui,PF,2022-08-11 04:40:35,-16.4833,-151.75,78.17,71,10,8.41,light rain
220,Zyryanka,RU,2022-08-11 04:49:22,65.75,150.85,79.21,32,100,12.86,overcast clouds
221,Palafrugell,ES,2022-08-11 04:49:22,41.9174,3.1631,74.35,58,50,1.01,scattered clouds
222,Kpandu,GH,2022-08-11 04:49:22,6.9954,0.2931,71.46,82,100,3.11,overcast clouds
223,Abbeville,FR,2022-08-11 04:49:23,50.1,1.8333,67.96,56,3,4.97,clear sky
224,Carmen,MX,2022-08-11 04:44:25,18.6333,-91.8333,78.31,83,97,7.34,overcast clouds
225,Taksimo,RU,2022-08-11 04:49:23,56.3444,114.8794,68.56,53,98,2.15,overcast clouds
226,Dapaong,TG,2022-08-11 04:50:24,10.8639,0.205,72.79,89,74,4.88,broken clouds
227,Baykit,RU,2022-08-11 04:50:24,61.67,96.37,66.34,37,59,10.13,broken clouds
228,Weligama,LK,2022-08-11 04:50:25,5.9667,80.4167,83.68,72,96,11.36,overcast clouds
229,Coquimbo,CL,2022-08-11 04:50:25,-29.9533,-71.3436,49.73,100,20,2.3,few clouds
230,Saint-Pierre,RE,2022-08-11 04:50:26,-21.3393,55.4781,69.91,64,20,18.41,few clouds
231,Ulaangom,MN,2022-08-11 04:50:26,49.9811,92.0667,65.91,67,96,12.75,overcast clouds
232,Hilo,US,2022-08-11 04:49:18,19.7297,-155.09,83.28,81,20,4.61,few clouds
233,Olinda,BR,2022-08-11 04:50:27,-8.0089,-34.8553,74.93,83,75,4.61,broken clouds
234,Nacozari,MX,2022-08-11 04:50:27,25.3366,-108.2574,75.22,83,83,7.43,broken clouds
235,Marsh Harbour,BS,2022-08-11 04:50:28,26.5412,-77.0636,82.02,76,1,11.79,clear sky
236,Poplar Bluff,US,2022-08-11 04:50:28,36.757,-90.3929,74.93,90,0,4.61,clear sky
237,Xining,CN,2022-08-11 04:50:29,36.6167,101.7667,81.81,55,77,3.87,broken clouds
238,Leningradskiy,RU,2022-08-11 04:48:01,69.3833,178.4167,49.55,76,53,6.67,broken clouds
239,Constitucion,CL,2022-08-11 04:48:12,-35.3333,-72.4167,46.96,84,0,6.89,clear sky
240,Yeroham,IL,2022-08-11 04:50:29,30.9872,34.9314,72.91,76,0,3.76,clear sky
241,Basay,PH,2022-08-11 04:50:30,9.4087,122.64,85.26,69,39,4.54,scattered clouds
242,Oyem,GA,2022-08-11 04:50:31,1.5995,11.5793,67.26,97,93,3.18,overcast clouds
243,Port Hueneme,US,2022-08-11 04:50:31,34.1478,-119.1951,82.78,75,0,4.61,clear sky
244,Baturaja,ID,2022-08-11 04:50:31,-4.1333,104.1667,90.3,49,26,4.65,scattered clouds
245,Dingle,PH,2022-08-11 04:50:32,10.9995,122.6711,86.61,69,72,5.84,broken clouds
246,Castro,BR,2022-08-11 04:40:33,-24.7911,-50.0119,42.93,98,72,4.32,broken clouds
247,Pokaran,IN,2022-08-11 04:50:33,26.9167,71.9167,92.62,51,32,15.93,scattered clouds
248,Richards Bay,ZA,2022-08-11 04:41:48,-28.783,32.0377,62.13,85,40,2.77,scattered clouds
249,Guerrero Negro,MX,2022-08-11 04:50:33,27.9769,-114.0611,73.49,73,98,11.63,overcast clouds
250,Mount Gambier,AU,2022-08-11 04:50:34,-37.8333,140.7667,57.56,62,65,9.86,broken clouds
251,Skoghall,SE,2022-08-11 04:50:34,59.3232,13.4655,57.76,84,35,6.91,scattered clouds
252,Kribi,CM,2022-08-11 04:50:35,2.95,9.9167,74.8,92,93,6.53,light rain
253,Avera,US,2022-08-11 04:50:35,33.194,-82.5271,73.45,68,100,3.27,overcast clouds
254,Borovoy,RU,2022-08-11 04:50:36,55.4333,86.0833,78.08,53,0,6.71,clear sky
255,Solton,RU,2022-08-11 04:50:36,52.8429,86.4787,78.26,53,65,2.71,broken clouds
256,San Rafael,AR,2022-08-11 04:49:58,-34.6177,-68.3301,48.31,49,0,4.92,clear sky
257,Chiusi,IT,2022-08-11 04:50:37,43.016,11.9475,68.32,78,83,3.91,broken clouds
258,Bilibino,RU,2022-08-11 04:50:37,68.0546,166.4372,74.26,48,43,11.14,scattered clouds
259,Severnyy,RU,2022-08-11 04:41:49,50.677,36.5532,64.44,88,0,8.95,clear sky
260,Kamenka,RU,2022-08-11 04:50:38,51.3223,42.7678,78.37,44,68,10.87,broken clouds
261,Urucara,BR,2022-08-11 04:50:38,-2.5364,-57.76,73.13,62,95,0.63,overcast clouds
262,Praia Da Vitoria,PT,2022-08-11 04:50:39,38.7333,-27.0667,70.05,83,75,9.86,broken clouds
263,Olafsvik,IS,2022-08-11 04:50:39,64.8945,-23.7142,49.14,80,100,8.34,overcast clouds
264,Manga,BF,2022-08-11 04:50:40,11.6636,-1.0731,73.27,90,73,7.18,broken clouds
265,Oyama,JP,2022-08-11 04:50:40,36.3,139.8,92.59,42,20,15.26,few clouds
266,Nizwa,OM,2022-08-11 04:50:40,22.9333,57.5333,95.77,31,94,4.41,overcast clouds
267,Manoharpur,IN,2022-08-11 04:50:41,27.3,75.95,84.09,66,69,20.89,light rain
268,Wewak,PG,2022-08-11 04:50:44,-3.5534,143.6268,84.31,70,66,5.46,light rain
269,Thunder Bay,CA,2022-08-11 04:50:45,48.4001,-89.3168,60.71,72,0,3.44,clear sky
270,Kupang,ID,2022-08-11 04:50:45,-10.1667,123.5833,86.58,62,75,6.91,broken clouds
271,Nushki,PK,2022-08-11 04:51:48,29.5542,66.0215,92.32,34,1,5.35,clear sky
272,Dakar,SN,2022-08-11 04:51:49,14.6937,-17.4441,79.68,75,95,15.26,overcast clouds
273,Kuala Pilah,MY,2022-08-11 04:51:50,2.7389,102.2487,92.14,50,85,4.59,overcast clouds
274,Krasnyy Chikoy,RU,2022-08-11 04:51:50,50.3643,108.7512,74.19,37,12,6.93,few clouds
275,Nouadhibou,MR,2022-08-11 04:51:50,20.931,-17.0347,71.58,83,62,18.41,broken clouds
276,Cabo San Lucas,MX,2022-08-11 04:51:51,22.8909,-109.9124,84.61,80,92,9.13,overcast clouds
277,Walvis Bay,NA,2022-08-11 04:51:51,-22.9575,14.5053,52.09,100,2,3.44,clear sky
278,Caravelas,BR,2022-08-11 04:51:52,-17.7125,-39.2481,70.21,78,21,12.26,few clouds
279,Comodoro Rivadavia,AR,2022-08-11 04:51:52,-45.8667,-67.5,48.06,61,0,3.44,clear sky
280,Glendive,US,2022-08-11 04:51:53,47.1053,-104.7125,76.62,45,0,17.27,clear sky
281,Boende,CD,2022-08-11 04:51:53,-0.2167,20.8667,72.48,77,86,1.5,overcast clouds
282,Klyuchi,RU,2022-08-11 04:51:54,52.2667,79.1667,73.85,57,98,6.4,overcast clouds
283,Kahului,US,2022-08-11 04:51:54,20.8947,-156.47,84.22,72,20,26.46,few clouds
284,Narsaq,GL,2022-08-11 04:51:54,60.9167,-46.05,44.89,87,100,6.51,overcast clouds
285,Hambantota,LK,2022-08-11 04:51:55,6.1241,81.1185,88.14,62,20,18.41,few clouds
286,Tateyama,JP,2022-08-11 04:51:55,34.9833,139.8667,82.92,82,90,20.76,overcast clouds
287,Alberton,CA,2022-08-11 04:51:56,46.8168,-64.0654,64.27,87,93,6.35,overcast clouds
288,Tabou,CI,2022-08-11 04:51:56,4.423,-7.3528,73.62,83,77,6.35,broken clouds
289,Thompson,CA,2022-08-11 04:51:56,55.7435,-97.8558,51.96,87,0,0.0,clear sky
290,Nishihara,JP,2022-08-11 04:51:57,26.1842,127.7558,87.46,79,75,5.75,mist
291,San Patricio,US,2022-08-11 04:51:57,28.017,-97.5169,85.89,71,21,10.56,few clouds
292,Puri,IN,2022-08-11 04:51:58,19.8,85.85,81.12,78,99,11.54,heavy intensity rain
293,Portel,BR,2022-08-11 04:51:58,-1.9356,-50.8211,75.4,83,56,1.59,broken clouds
294,Ostrovnoy,RU,2022-08-11 04:51:59,68.0531,39.5131,58.73,87,100,29.3,light rain
295,Karoi,ZW,2022-08-11 04:51:59,-16.8099,29.6925,55.08,63,0,4.79,clear sky
296,Airai,TL,2022-08-11 04:52:00,-8.9266,125.4092,69.17,68,62,3.13,broken clouds
297,Labuan,MY,2022-08-11 04:52:00,5.2767,115.2417,91.76,58,20,3.44,few clouds
298,Yongan,CN,2022-08-11 04:52:00,39.6957,113.6871,84.87,47,4,2.75,clear sky
299,Fuyang,CN,2022-08-11 04:52:01,32.9,115.8167,99.48,42,98,13.65,overcast clouds
300,Guadalupe Victoria,MX,2022-08-11 04:52:01,32.2869,-115.105,94.95,45,27,10.87,scattered clouds
301,Gizo,SB,2022-08-11 04:52:02,-8.103,156.8419,82.69,71,83,2.1,light rain
302,Penzance,GB,2022-08-11 04:52:02,50.1186,-5.5371,63.28,72,0,10.83,clear sky
303,Alekseyevskoye,RU,2022-08-11 04:52:03,55.3071,50.1135,67.15,71,84,8.9,broken clouds
304,Tchaourou,BJ,2022-08-11 04:52:03,8.8865,2.5975,69.15,96,100,4.21,overcast clouds
305,Antofagasta,CL,2022-08-11 04:52:03,-23.65,-70.4,56.48,83,13,1.92,few clouds
306,Bambanglipuro,ID,2022-08-11 04:52:04,-7.95,110.2833,82.58,75,64,13.02,broken clouds
307,Cacador,BR,2022-08-11 04:52:04,-26.7753,-51.015,41.52,99,85,2.01,overcast clouds
308,Karachi,PK,2022-08-11 04:48:10,24.9056,67.0822,89.42,79,75,4.61,smoke
309,Vanavara,RU,2022-08-11 04:52:05,60.34,102.2797,65.64,67,98,4.74,overcast clouds
310,Carnarvon,AU,2022-08-11 04:52:05,-24.8667,113.6333,69.8,27,0,13.67,clear sky
311,Asau,RO,2022-08-11 04:52:06,46.4333,26.4,60.28,74,20,5.61,few clouds
312,Prainha,BR,2022-08-11 04:52:06,-1.8,-53.48,74.32,67,83,2.06,broken clouds
313,Tahe,CN,2022-08-11 04:52:07,52.3333,124.7333,65.75,62,99,6.6,light rain
314,Sakakah,SA,2022-08-11 04:52:07,29.9697,40.2064,89.17,26,0,10.69,clear sky
315,Padang,ID,2022-08-11 04:52:07,-0.9492,100.3543,87.85,65,79,6.2,broken clouds
316,Pacifica,US,2022-08-11 04:52:08,37.6138,-122.4869,67.82,90,20,19.57,few clouds
317,Victor Harbor,AU,2022-08-11 04:52:08,-35.5667,138.6167,55.0,75,44,1.01,light rain
318,Mackenzie,CA,2022-08-11 04:53:09,55.2999,-123.1698,68.22,52,0,2.3,clear sky
319,Cidreira,BR,2022-08-11 04:53:09,-30.1811,-50.2056,58.17,80,82,2.1,broken clouds
320,Manicaragua,CU,2022-08-11 04:53:10,22.1494,-79.9736,75.65,97,77,4.79,broken clouds
321,Khatanga,RU,2022-08-11 04:53:10,71.9667,102.5,46.38,60,100,14.27,overcast clouds
322,Miranpur,IN,2022-08-11 04:53:10,29.3,77.9333,87.31,57,99,10.56,overcast clouds
323,Faya,SA,2022-08-11 04:53:11,18.3851,42.4509,64.92,72,90,3.44,overcast clouds
324,Waipawa,NZ,2022-08-11 04:53:11,-41.4122,175.5153,42.15,78,81,7.18,broken clouds
325,Eureka,US,2022-08-11 04:53:12,40.8021,-124.1637,63.63,88,24,1.01,few clouds
326,Fort Dodge,US,2022-08-11 04:53:12,42.4975,-94.168,69.8,88,0,3.44,clear sky
327,Salinopolis,BR,2022-08-11 04:53:12,-0.6136,-47.3561,77.97,85,76,9.42,broken clouds
328,Onguday,RU,2022-08-11 04:53:13,50.75,86.15,75.78,44,36,3.44,scattered clouds
329,Kloulklubed,PW,2022-08-11 04:53:13,7.0419,134.2556,77.5,67,33,2.01,scattered clouds
330,Viedma,AR,2022-08-11 04:53:14,-40.8135,-62.9967,51.53,58,100,18.01,overcast clouds
331,Oistins,BB,2022-08-11 04:53:14,13.0667,-59.5333,82.49,83,75,9.22,broken clouds
332,Finnsnes,NO,2022-08-11 04:53:15,69.2296,17.9811,57.81,85,86,28.07,light rain
333,Urengoy,RU,2022-08-11 04:53:15,65.9667,78.3667,59.9,52,27,7.31,scattered clouds
334,Agidel,RU,2022-08-11 04:53:16,55.9077,53.9355,65.93,65,73,11.65,broken clouds
335,Chulym,RU,2022-08-11 04:53:16,55.0997,80.9572,77.85,45,90,10.54,overcast clouds
336,Codrington,AU,2022-08-11 04:53:16,-38.2667,141.9667,57.96,62,86,13.87,overcast clouds
337,Barranca,PE,2022-08-11 04:53:17,-10.75,-77.7667,60.57,86,73,5.7,broken clouds
338,Gisborne,NZ,2022-08-11 04:53:17,-38.6533,178.0042,50.22,73,43,14.5,scattered clouds
339,Severo-Kurilsk,RU,2022-08-11 04:50:20,50.6789,156.125,60.98,79,13,6.46,few clouds
340,Port Hedland,AU,2022-08-11 04:53:18,-20.3167,118.5667,80.65,26,2,14.97,clear sky
341,Zhob,PK,2022-08-11 04:53:18,31.3411,69.4481,83.77,51,25,2.26,scattered clouds
342,Tyshkivka,UA,2022-08-11 04:53:19,48.4967,30.9423,63.23,87,92,15.99,overcast clouds
343,Saint George,US,2022-08-11 04:51:01,37.1041,-113.5841,84.79,49,0,6.91,clear sky
344,Hirara,JP,2022-08-11 04:53:19,24.8,125.2833,89.87,70,40,3.44,scattered clouds
345,Opuwo,NA,2022-08-11 04:53:20,-18.0607,13.84,59.23,26,0,6.24,clear sky
346,Linhares,BR,2022-08-11 04:53:20,-19.3911,-40.0722,66.52,76,93,3.74,overcast clouds
347,Sribne,UA,2022-08-11 04:53:21,50.6638,32.9187,65.46,84,100,13.78,overcast clouds
348,Manaure,CO,2022-08-11 04:53:21,11.7751,-72.4445,81.86,75,100,9.62,overcast clouds
349,Dunedin,NZ,2022-08-11 04:53:22,-45.8742,170.5036,46.8,62,55,5.99,broken clouds
350,Florianopolis,BR,2022-08-11 04:49:09,-27.6146,-48.5012,56.43,77,40,18.41,scattered clouds
351,Jaque,PA,2022-08-11 04:53:22,7.5175,-78.1703,77.49,90,100,1.48,moderate rain
352,Twin Falls,US,2022-08-11 04:53:23,42.3505,-114.6445,65.93,67,100,6.87,overcast clouds
353,Ukholovo,RU,2022-08-11 04:53:23,53.7929,40.4892,66.76,75,100,11.68,overcast clouds
354,Eyrarbakki,IS,2022-08-11 04:53:23,63.863,-21.1481,48.25,81,100,4.25,overcast clouds
355,Dryden,CA,2022-08-11 04:53:24,49.7833,-92.7503,59.29,72,0,4.61,clear sky
356,Bubaque,GW,2022-08-11 04:53:24,11.2833,-15.8333,80.33,82,99,10.27,moderate rain
357,Parrita,CR,2022-08-11 04:53:25,9.5201,-84.3225,76.21,90,98,1.61,overcast clouds
358,Staryy Nadym,RU,2022-08-11 04:53:25,65.6118,72.6842,61.25,48,65,9.6,broken clouds
359,Chaplynka,UA,2022-08-11 04:53:26,46.3651,33.5403,81.97,38,82,13.71,broken clouds
360,Namatanai,PG,2022-08-11 04:53:26,-3.6667,152.4333,82.99,73,98,6.64,light rain
361,Honiara,SB,2022-08-11 04:50:49,-9.4333,159.95,83.25,76,62,4.54,broken clouds
362,San Cristobal,VE,2022-08-11 04:53:27,7.7669,-72.225,71.78,92,100,3.04,overcast clouds
363,Kardailovo,RU,2022-08-11 04:53:27,51.5386,53.9042,83.97,38,8,3.15,clear sky
364,Vao,NC,2022-08-11 04:54:28,-22.6667,167.4833,68.13,59,0,22.21,clear sky
365,Akure,NG,2022-08-11 04:54:28,7.2526,5.1931,69.35,97,100,4.7,overcast clouds
366,Hit,IQ,2022-08-11 04:54:29,33.6416,42.8251,89.74,37,0,20.13,clear sky
367,Gigmoto,PH,2022-08-11 04:54:29,13.7796,124.39,84.85,73,58,4.25,broken clouds
368,Dubbo,AU,2022-08-11 04:54:30,-32.25,148.6167,59.13,58,40,16.11,light rain
369,Alofi,NU,2022-08-11 04:54:30,-19.0595,-169.9187,78.69,73,11,9.22,few clouds
370,Tucurui,BR,2022-08-11 04:54:31,-3.7661,-49.6725,75.69,58,48,4.03,scattered clouds
371,Ponta Do Sol,PT,2022-08-11 04:53:54,32.6667,-17.1,69.71,89,19,3.4,few clouds
372,Longyearbyen,SJ,2022-08-11 04:54:31,78.2186,15.6401,48.04,71,75,17.27,broken clouds
373,Buchanan,LR,2022-08-11 04:54:32,5.8808,-10.0467,75.2,84,99,8.52,overcast clouds
374,Montepuez,MZ,2022-08-11 04:54:32,-13.1256,38.9997,66.29,74,0,5.37,clear sky
375,Shingu,JP,2022-08-11 04:54:32,33.7333,135.9833,86.95,66,76,6.31,broken clouds
376,Saint-Augustin,CA,2022-08-11 04:54:33,51.226,-58.6502,54.43,94,0,6.31,clear sky
377,Mecca,SA,2022-08-11 04:52:21,21.4267,39.8261,88.36,64,78,2.75,broken clouds
378,Smolenskoye,RU,2022-08-11 04:54:33,52.3044,85.0781,78.33,46,99,4.27,overcast clouds
379,Zhuzhou,CN,2022-08-11 04:51:23,27.8333,113.15,96.93,33,69,6.76,broken clouds
380,Dibulla,CO,2022-08-11 04:54:34,11.2725,-73.3091,78.01,86,100,5.57,overcast clouds
381,Westerland,DE,2022-08-11 04:54:34,54.9079,8.3033,57.22,94,1,4.61,clear sky
382,Le Port,RE,2022-08-11 04:54:35,-20.9373,55.2919,70.25,63,19,6.06,few clouds
383,San Quintin,MX,2022-08-11 04:54:35,30.4833,-115.95,72.73,78,78,9.17,broken clouds
384,Evensk,RU,2022-08-11 04:53:59,61.95,159.2333,53.98,93,100,1.39,light rain
385,Atherton,GB,2022-08-11 04:54:36,53.5237,-2.4935,62.29,85,8,2.64,clear sky
386,Margate,GB,2022-08-11 04:54:36,51.3813,1.3862,66.9,97,0,3.0,clear sky
387,Sorong,ID,2022-08-11 04:54:37,-0.8833,131.25,82.56,72,14,6.08,few clouds
388,Kharp,RU,2022-08-11 04:54:37,66.8014,65.8081,56.23,56,100,3.98,overcast clouds
389,Tiznit,MA,2022-08-11 04:54:38,29.5833,-9.5,69.58,53,0,2.06,clear sky
390,Guarapari,BR,2022-08-11 04:51:17,-20.6667,-40.4975,73.89,68,100,6.67,overcast clouds
391,Alice Springs,AU,2022-08-11 04:54:38,-23.7,133.8833,56.75,77,100,4.61,overcast clouds
392,Dzilam Gonzalez,MX,2022-08-11 04:54:39,21.2833,-88.9333,74.05,93,82,2.13,broken clouds
393,Starobaltachevo,RU,2022-08-11 04:54:39,56.0013,55.9213,68.61,81,98,9.08,overcast clouds
394,Teya,RU,2022-08-11 04:54:40,60.3778,92.6267,67.14,47,6,8.59,clear sky
395,Qaqortoq,GL,2022-08-11 04:54:40,60.7167,-46.0333,45.45,89,100,6.42,overcast clouds
396,Souillac,MU,2022-08-11 04:54:41,-20.5167,57.5167,70.18,64,75,12.66,broken clouds
397,Tenosique,MX,2022-08-11 04:54:41,17.4833,-91.4333,73.04,98,100,3.67,overcast clouds
398,Manggar,ID,2022-08-11 04:54:42,-2.8833,108.2667,86.02,68,59,12.55,broken clouds
399,Nuuk,GL,2022-08-11 04:54:42,64.1835,-51.7216,42.33,89,12,7.81,few clouds
400,Sorland,NO,2022-08-11 04:54:42,67.667,12.6934,53.46,85,71,33.89,broken clouds
401,Bossier City,US,2022-08-11 04:51:12,32.516,-93.7321,78.98,86,0,6.91,clear sky
402,Lovington,US,2022-08-11 04:54:43,32.944,-103.3485,77.85,54,97,6.22,overcast clouds
403,Chimbote,PE,2022-08-11 04:52:17,-9.0853,-78.5783,61.7,85,83,5.14,broken clouds
404,Ambon,ID,2022-08-11 04:54:44,-3.6954,128.1814,84.34,74,40,4.61,light rain
405,Kiunga,PG,2022-08-11 04:54:44,-6.1219,141.2906,79.83,89,80,4.38,broken clouds
406,Borazjan,IR,2022-08-11 04:54:44,29.2666,51.2159,100.47,39,33,3.47,scattered clouds
407,Whitehorse,CA,2022-08-11 04:50:11,60.7161,-135.0538,51.03,91,75,3.44,broken clouds
408,Saint-Georges,GD,2022-08-11 04:50:26,12.0564,-61.7485,80.28,83,20,6.91,few clouds
409,Healdsburg,US,2022-08-11 04:54:45,38.6105,-122.8692,66.43,69,0,2.46,clear sky
410,Kavieng,PG,2022-08-11 04:54:46,-2.5744,150.7967,82.89,75,64,8.08,light rain
411,Hay River,CA,2022-08-11 04:54:46,60.8156,-115.7999,60.76,82,75,4.61,broken clouds
412,Strezhevoy,RU,2022-08-11 04:55:26,60.7333,77.5889,67.89,41,25,6.24,scattered clouds
413,Quelimane,MZ,2022-08-11 04:55:47,-17.8786,36.8883,62.55,94,1,0.0,fog
414,Maumere,ID,2022-08-11 04:55:47,-8.6199,122.2111,81.81,73,87,2.66,overcast clouds
415,Karratha,AU,2022-08-11 04:55:48,-20.7377,116.8463,77.09,17,0,18.97,clear sky
416,Fortuna,US,2022-08-11 04:55:48,40.5982,-124.1573,63.36,92,100,6.91,overcast clouds
417,Trairi,BR,2022-08-11 04:52:57,-3.2778,-39.2689,75.38,82,82,10.51,broken clouds
418,Arman,RU,2022-08-11 04:55:49,59.7,150.1667,64.02,97,100,1.59,moderate rain
419,Kastrakion,GR,2022-08-11 04:55:49,39.7156,21.6181,74.32,46,22,1.5,few clouds
420,Colonelganj,IN,2022-08-11 04:55:50,27.1333,81.7,91.47,52,89,22.57,overcast clouds
421,Hasaki,JP,2022-08-11 04:55:50,35.7333,140.8333,95.29,80,53,23.82,light rain
422,Bud,US,2022-08-11 04:55:50,39.447,-86.1758,68.05,94,0,3.27,clear sky
423,Sarkand,KZ,2022-08-11 04:55:51,45.41,79.9186,81.1,32,15,6.55,few clouds
424,Los Banos,PH,2022-08-11 04:55:51,14.1667,121.1833,87.8,70,96,3.8,overcast clouds
425,Mogadishu,SO,2022-08-11 04:51:03,2.0371,45.3438,76.87,78,75,18.41,broken clouds
426,Ilinskiy,RU,2022-08-11 04:55:52,55.619,38.1182,64.78,72,0,4.47,clear sky
427,Goure,NE,2022-08-11 04:55:52,13.9835,10.2704,80.92,61,100,19.39,light rain
428,Tuatapere,NZ,2022-08-11 04:55:53,-46.1333,167.6833,43.93,71,20,3.65,few clouds
429,Nijar,ES,2022-08-11 04:55:53,36.9665,-2.206,77.65,39,0,5.75,clear sky
430,Pokoynoye,RU,2022-08-11 04:55:54,44.8097,44.2517,83.62,42,0,17.27,clear sky
431,Roma,US,2022-08-11 04:51:07,43.2128,-75.4557,64.67,93,0,1.01,clear sky
432,Vyazemskiy,RU,2022-08-11 04:55:54,47.5378,134.7525,76.06,50,20,9.08,few clouds
433,Hobyo,SO,2022-08-11 04:55:55,5.3505,48.5268,78.39,75,80,22.26,broken clouds
434,Nemuro,JP,2022-08-11 04:55:55,43.3236,145.575,68.0,96,89,16.04,overcast clouds
435,Dawlatabad,AF,2022-08-11 04:55:56,36.4141,64.9053,84.92,18,0,9.06,clear sky
436,Teodoro Sampaio,BR,2022-08-11 04:55:56,-22.5325,-52.1675,48.2,94,0,4.27,clear sky
437,Korem,ET,2022-08-11 04:55:56,12.5058,39.5228,57.83,84,100,0.87,light rain
438,Grindavik,IS,2022-08-11 04:55:57,63.8424,-22.4338,48.67,93,100,9.22,overcast clouds
439,Vung Tau,VN,2022-08-11 04:55:57,10.346,107.0843,81.7,77,100,15.35,overcast clouds
440,Isangel,VU,2022-08-11 04:55:58,-19.55,169.2667,77.11,57,75,11.5,broken clouds
441,Dali,CN,2022-08-11 04:55:58,25.7,100.1833,79.43,49,49,2.53,scattered clouds
442,Arcachon,FR,2022-08-11 04:55:59,44.5875,-1.0519,71.92,48,0,3.44,clear sky
443,Kaitong,CN,2022-08-11 04:55:59,44.8135,123.15,80.76,37,4,9.37,clear sky
444,Gold Coast,AU,2022-08-11 04:53:24,-28.0,153.4333,68.9,79,75,12.66,broken clouds
445,Pangai,TO,2022-08-11 04:56:00,-19.8,-174.35,80.71,94,75,9.22,broken clouds
446,Bahia Blanca,AR,2022-08-11 04:56:00,-38.7196,-62.2724,51.15,57,57,17.18,broken clouds
447,Kieta,PG,2022-08-11 04:56:00,-6.2167,155.6333,84.07,68,100,5.97,light rain
448,Ewa Beach,US,2022-08-11 04:56:01,21.3156,-158.0072,80.55,72,100,21.36,overcast clouds
449,Meulaboh,ID,2022-08-11 04:56:01,4.1363,96.1285,83.55,66,100,3.13,overcast clouds
450,Lincoln,US,2022-08-11 04:51:03,40.8,-96.667,78.71,66,0,6.91,clear sky
451,San Policarpo,PH,2022-08-11 04:56:02,12.1791,125.5072,84.0,74,14,6.33,few clouds
452,Tevaitoa,PF,2022-08-11 04:56:03,-16.7833,-151.5,77.76,72,4,8.41,light rain
453,Mount Isa,AU,2022-08-11 04:56:03,-20.7333,139.5,83.97,15,49,4.61,scattered clouds
454,Paldiski,EE,2022-08-11 04:56:03,59.3567,24.0531,65.91,82,0,13.8,clear sky
455,Santa Isabel Do Rio Negro,BR,2022-08-11 04:56:04,-0.4139,-65.0192,73.44,76,96,2.93,overcast clouds
456,Nanortalik,GL,2022-08-11 04:56:04,60.1432,-45.2371,44.15,99,100,2.84,light rain
457,Harlingen,US,2022-08-11 04:56:08,26.1906,-97.6961,83.93,93,36,9.57,scattered clouds
458,Posse,BR,2022-08-11 04:56:08,-14.0931,-46.3694,70.18,34,36,0.72,scattered clouds
459,Ulladulla,AU,2022-08-11 04:56:08,-35.35,150.4667,62.46,57,100,7.36,overcast clouds
460,Santiago Del Estero,AR,2022-08-11 04:57:09,-27.7951,-64.2615,52.57,50,56,10.25,broken clouds
461,Kristianstad,SE,2022-08-11 04:57:09,56.0313,14.1524,56.95,85,0,1.14,clear sky
462,Vagur,FO,2022-08-11 04:57:10,61.4732,-6.8119,51.39,86,100,12.82,overcast clouds
463,Katsuura,JP,2022-08-11 04:57:10,35.1333,140.3,83.64,80,43,21.3,scattered clouds
464,Namibe,AO,2022-08-11 04:57:11,-15.1961,12.1522,59.99,89,3,2.75,clear sky
465,Flinders,AU,2022-08-11 04:57:11,-34.5833,150.8552,65.17,66,100,3.0,overcast clouds
466,Tripoli,LY,2022-08-11 04:57:11,32.8752,13.1875,78.8,70,0,3.15,clear sky
467,Yasnyy,RU,2022-08-11 04:57:12,51.0333,59.8742,75.27,49,1,5.06,clear sky
468,Pasni,PK,2022-08-11 04:57:12,25.2631,63.471,88.97,63,97,10.89,overcast clouds
469,Santo Domingo,DO,2022-08-11 04:54:27,18.5001,-69.9886,78.93,87,51,5.14,broken clouds
470,Pedernales,DO,2022-08-11 04:57:13,18.0384,-71.744,80.65,71,0,3.06,clear sky
471,Muroto,JP,2022-08-11 04:57:13,33.2833,134.15,84.76,74,80,7.31,broken clouds
472,Axim,GH,2022-08-11 04:57:14,4.8699,-2.2405,73.27,92,45,8.93,scattered clouds
473,Goderich,CA,2022-08-11 04:57:14,43.7501,-81.7165,71.91,64,12,17.9,few clouds
474,Bad Lauterberg,DE,2022-08-11 04:57:15,51.6327,10.4703,65.3,61,3,2.33,clear sky
475,Villa Corzo,MX,2022-08-11 04:57:15,16.1667,-93.25,68.58,99,100,1.74,overcast clouds
476,Anori,BR,2022-08-11 04:57:15,-3.7728,-61.6442,73.13,89,45,2.53,scattered clouds
477,Tilichiki,RU,2022-08-11 04:57:16,60.4667,166.1,51.73,97,100,9.06,moderate rain
478,Mercedes,AR,2022-08-11 04:57:16,-34.6515,-59.4307,41.65,88,0,7.85,clear sky
479,Saint Petersburg,RU,2022-08-11 04:57:17,59.8944,30.2642,64.11,73,0,4.47,clear sky
480,Gornopravdinsk,RU,2022-08-11 04:57:17,60.05,69.9,71.69,43,55,5.23,broken clouds
481,Belmonte,BR,2022-08-11 04:57:18,-15.8631,-38.8828,72.07,82,6,13.15,clear sky
482,Mogok,MM,2022-08-11 04:57:18,22.9167,96.5,74.32,79,53,2.93,broken clouds
483,Demidov,RU,2022-08-11 04:57:19,55.2706,31.515,61.95,69,60,4.83,broken clouds
484,Port Lavaca,US,2022-08-11 04:57:19,28.615,-96.6261,78.98,88,40,0.0,scattered clouds
485,Moerai,PF,2022-08-11 04:57:20,-22.4333,-151.3333,72.1,71,2,1.48,clear sky
486,Charters Towers,AU,2022-08-11 04:57:20,-20.1,146.2667,76.23,39,0,13.71,clear sky
487,Suleja,NG,2022-08-11 04:57:20,9.1758,7.1808,76.19,99,100,2.75,overcast clouds
488,Port-Cartier,CA,2022-08-11 04:57:21,50.0334,-66.8654,59.76,97,15,4.81,few clouds
489,Necochea,AR,2022-08-11 04:57:21,-38.5473,-58.7368,43.27,78,0,13.53,clear sky
490,Yashkul,RU,2022-08-11 04:57:22,46.1711,45.3435,86.16,32,26,17.34,scattered clouds
491,Kilrush,IE,2022-08-11 04:57:22,52.6397,-9.4833,51.55,68,1,3.09,clear sky
492,Winnemucca,US,2022-08-11 04:57:22,40.973,-117.7357,75.25,57,20,14.97,thunderstorm
493,Vila Velha,BR,2022-08-11 04:55:57,-20.3297,-40.2925,73.94,82,0,8.05,clear sky
494,Ordynskoye,RU,2022-08-11 04:57:23,54.3656,81.8994,76.87,46,91,11.39,overcast clouds
495,Ati,TD,2022-08-11 04:57:23,13.2154,18.3353,77.11,72,95,7.34,overcast clouds
496,Sitka,US,2022-08-11 04:56:31,57.0531,-135.33,57.16,95,89,3.71,overcast clouds
497,Port-Gentil,GA,2022-08-11 04:57:24,-0.7193,8.7815,74.55,86,100,11.7,overcast clouds
498,Balykshi,KZ,2022-08-11 04:57:25,47.0667,51.8667,91.4,24,0,8.95,clear sky
499,Chara,RU,2022-08-11 04:57:25,56.9064,118.2631,63.61,63,73,4.81,broken clouds
500,Tallahassee,US,2022-08-11 04:54:02,30.4383,-84.2807,74.32,96,100,2.46,overcast clouds
501,Vestmannaeyjar,IS,2022-08-11 04:57:26,63.4427,-20.2734,51.51,77,98,8.77,overcast clouds
502,Turan,VN,2022-08-11 04:55:23,16.0678,108.2208,85.98,70,75,9.22,broken clouds
503,Hualmay,PE,2022-08-11 04:57:27,-11.0964,-77.6139,60.73,85,64,6.82,broken clouds
504,Cabedelo,BR,2022-08-11 04:57:27,-6.9811,-34.8339,72.27,89,27,8.16,scattered clouds
505,Dolores,AR,2022-08-11 04:57:27,-36.3132,-57.6792,42.37,95,3,7.02,clear sky
506,Prabumulih,ID,2022-08-11 04:57:28,-3.45,104.25,90.79,50,49,4.85,scattered clouds
507,Saint-Louis,SN,2022-08-11 04:58:29,16.3333,-15.0,78.62,76,76,11.03,broken clouds
508,Durango,MX,2022-08-11 04:55:30,24.8333,-104.8333,65.59,56,77,0.47,broken clouds
509,Bilma,NE,2022-08-11 04:58:29,18.6853,12.9164,91.33,15,64,18.72,broken clouds
510,Dongsheng,CN,2022-08-11 04:58:30,39.8161,109.9776,82.18,41,30,7.07,scattered clouds
511,Loma Bonita,PA,2022-08-11 04:58:30,8.3833,-80.1667,79.79,90,99,7.11,overcast clouds
512,Pochutla,MX,2022-08-11 04:58:30,15.7432,-96.4661,78.82,92,100,4.14,overcast clouds
513,Nome,US,2022-08-11 04:58:31,64.5011,-165.4064,50.16,93,97,4.65,overcast clouds
514,Worland,US,2022-08-11 04:58:31,44.0169,-107.9554,87.15,16,16,5.44,few clouds
515,Nantucket,US,2022-08-11 04:56:11,41.2835,-70.0995,71.71,88,1,5.1,clear sky
516,Alyangula,AU,2022-08-11 04:58:32,-13.8483,136.4192,78.82,71,79,12.1,broken clouds
517,Aldama,MX,2022-08-11 04:58:32,22.9167,-98.0667,76.8,87,59,0.92,broken clouds
518,Soligalich,RU,2022-08-11 04:58:33,59.0778,42.2864,60.48,74,61,3.65,broken clouds
519,Xunchang,CN,2022-08-11 04:58:33,28.4543,104.715,96.44,42,87,1.54,overcast clouds
520,Broken Hill,AU,2022-08-11 04:56:31,-31.95,141.4333,61.83,37,93,24.72,overcast clouds
521,Cap Malheureux,MU,2022-08-11 04:58:34,-19.9842,57.6142,71.47,55,71,8.99,broken clouds
522,Grajau,BR,2022-08-11 04:58:34,-5.8194,-46.1386,70.56,46,12,3.42,few clouds
523,Havre-Saint-Pierre,CA,2022-08-11 04:58:35,50.2334,-63.5986,57.56,94,75,5.75,broken clouds
524,Kruisfontein,ZA,2022-08-11 04:58:35,-34.0033,24.7314,51.15,91,97,2.42,overcast clouds
525,Boras,SE,2022-08-11 04:58:36,57.721,12.9401,59.83,92,7,6.44,clear sky
526,Fairbanks,US,2022-08-11 04:54:34,64.8378,-147.7164,64.74,53,0,3.44,clear sky
527,Nawabganj,BD,2022-08-11 04:58:36,24.5911,88.271,83.1,77,98,20.74,overcast clouds
528,Pangnirtung,CA,2022-08-11 04:58:37,66.1451,-65.7125,42.51,90,57,0.22,broken clouds
529,Komsomolskiy,UZ,2022-08-11 04:58:37,40.4272,71.7189,83.12,26,5,6.91,clear sky
530,Zemio,CF,2022-08-11 04:58:37,5.0314,25.1361,69.64,97,100,1.34,overcast clouds
531,Praia,CV,2022-08-11 04:58:38,14.9215,-23.5087,79.34,78,20,9.22,few clouds
532,Klaksvik,FO,2022-08-11 04:58:38,62.2266,-6.589,50.92,84,77,14.12,broken clouds
533,Merauke,ID,2022-08-11 04:58:10,-8.4667,140.3333,82.24,71,81,13.51,broken clouds
534,Raga,SS,2022-08-11 04:58:39,8.4596,25.678,69.96,97,99,4.97,overcast clouds
535,Vanimo,PG,2022-08-11 04:58:39,-2.6741,141.3028,84.31,69,51,6.78,broken clouds
536,Cartagena,CO,2022-08-11 04:58:40,10.3997,-75.5144,80.22,94,0,3.44,clear sky
537,Marienburg,PL,2022-08-11 04:58:40,54.0359,19.0266,61.88,72,79,1.92,broken clouds
538,Kilindoni,TZ,2022-08-11 04:58:41,-7.9139,39.6668,76.8,72,45,13.0,scattered clouds
539,Coihaique,CL,2022-08-11 04:56:13,-45.5752,-72.0662,41.61,87,0,4.61,clear sky
540,Bolshaya Dzhalga,RU,2022-08-11 04:58:41,45.9695,42.6966,83.77,34,6,17.09,clear sky
541,Siauliai,LT,2022-08-11 04:58:42,55.9333,23.3167,60.82,82,0,0.0,clear sky
542,Siria,SY,2022-08-11 04:58:42,35.0,38.0,69.58,76,31,20.51,scattered clouds
543,Ocos,GT,2022-08-11 04:58:43,14.5094,-92.1933,76.98,76,100,6.24,overcast clouds
544,Abalak,RU,2022-08-11 04:58:43,58.1286,68.5944,71.83,43,48,5.68,scattered clouds
545,Visnes,NO,2022-08-11 04:58:43,59.3556,5.2242,60.85,88,75,5.75,broken clouds
546,Brae,GB,2022-08-11 04:53:55,60.3964,-1.353,54.18,94,100,10.25,light rain
547,Aligudarz,IR,2022-08-11 04:58:44,33.4006,49.6949,78.66,34,0,5.64,clear sky
548,Vila Franca Do Campo,PT,2022-08-11 04:58:44,37.7167,-25.4333,70.2,71,95,5.7,overcast clouds
549,Babaeski,TR,2022-08-11 04:58:45,41.4325,27.0931,70.72,58,2,10.83,clear sky
550,Zhanaozen,KZ,2022-08-11 04:58:45,43.3,52.8,87.93,20,0,9.44,clear sky
551,Cedar City,US,2022-08-11 04:55:34,37.6775,-113.0619,68.4,71,85,3.6,overcast clouds
552,Abha,SA,2022-08-11 04:58:46,18.2164,42.5053,64.65,88,95,4.61,overcast clouds
553,Santiago De Chuco,PE,2022-08-11 04:58:46,-8.15,-78.1833,50.13,79,97,4.14,overcast clouds
554,Soyo,AO,2022-08-11 04:59:47,-6.1349,12.3689,69.62,87,95,8.7,overcast clouds
555,Kattivakkam,IN,2022-08-11 04:59:47,13.2167,80.3167,91.49,61,88,20.2,overcast clouds
556,Odawara,JP,2022-08-11 04:59:48,35.2556,139.1597,90.54,69,29,15.82,scattered clouds
557,Aitape,PG,2022-08-11 04:59:48,-3.1374,142.3475,84.49,71,84,7.2,broken clouds
558,Nabire,ID,2022-08-11 04:59:49,-3.3667,135.4833,77.29,86,100,1.03,overcast clouds
559,Kirovskiy,RU,2022-08-11 04:59:49,45.0917,133.5136,80.22,53,94,12.53,overcast clouds
560,Salalah,OM,2022-08-11 04:59:50,17.0151,54.0924,75.85,96,100,9.84,overcast clouds
561,Flin Flon,CA,2022-08-11 04:59:50,54.7682,-101.865,53.38,81,0,6.08,clear sky
562,Stevens Point,US,2022-08-11 04:59:50,44.5236,-89.5746,66.99,59,0,3.44,clear sky
563,Pevek,RU,2022-08-11 04:57:49,69.7008,170.3133,42.8,93,18,4.81,few clouds
564,Shihezi,CN,2022-08-11 04:59:51,44.3,86.0333,81.61,43,92,3.18,overcast clouds
565,Vardo,NO,2022-08-11 04:59:51,70.3705,31.1107,57.18,94,100,9.22,overcast clouds
566,Chapais,CA,2022-08-11 04:59:52,49.7834,-74.8492,55.18,96,20,7.83,few clouds
567,Veraval,IN,2022-08-11 04:59:52,20.9,70.3667,80.64,90,100,22.24,moderate rain
568,Dong Hoi,VN,2022-08-11 04:59:53,17.4833,106.6,80.71,78,100,9.78,overcast clouds
569,Nam Som,TH,2022-08-11 04:59:53,17.7704,102.1895,83.5,87,100,4.7,light rain
570,Nan,TH,2022-08-11 04:59:54,18.8333,100.6667,80.62,78,75,3.44,broken clouds
571,Kaka,TM,2022-08-11 04:59:54,37.3482,59.6143,84.88,18,0,3.76,clear sky
572,Wattegama,LK,2022-08-11 04:59:54,6.7989,81.4808,94.53,35,88,0.74,overcast clouds
573,Mitsamiouli,KM,2022-08-11 04:59:55,-11.3847,43.2844,73.69,78,20,5.75,few clouds
574,Sungaipenuh,ID,2022-08-11 04:59:55,-2.0833,101.3833,81.18,57,77,2.82,broken clouds
575,Sokolo,ML,2022-08-11 04:59:56,14.7328,-6.1219,79.23,79,70,4.09,broken clouds
576,Mitha Tiwana,PK,2022-08-11 04:59:56,32.2486,72.1108,101.71,37,1,7.38,clear sky
577,Aksu,CN,2022-08-11 04:59:57,41.1231,80.2644,82.53,32,96,1.9,overcast clouds
578,Badiraguato,MX,2022-08-11 04:59:57,25.3667,-107.5167,69.94,97,100,7.23,overcast clouds
579,Kushmurun,KZ,2022-08-11 04:59:58,52.4503,64.6311,75.18,56,0,9.82,clear sky
580,Mahmudabad,IN,2022-08-11 04:59:58,27.3,81.1167,90.46,53,100,21.39,overcast clouds
581,Xingcheng,CN,2022-08-11 04:59:59,40.6167,120.7167,85.41,53,0,10.36,clear sky
582,Sayansk,RU,2022-08-11 04:57:47,54.1088,102.1648,63.21,81,90,6.22,light rain
583,Hamilton,US,2022-08-11 04:58:55,39.1834,-84.5333,71.67,92,12,3.58,few clouds
584,Bongor,TD,2022-08-11 04:59:59,10.2806,15.3722,72.18,92,99,5.01,overcast clouds
585,Anchorage,US,2022-08-11 04:57:14,61.2181,-149.9003,65.68,66,57,0.25,broken clouds
586,Porto Novo,BJ,2022-08-11 05:00:00,6.4965,2.6036,73.81,88,100,7.74,overcast clouds
587,Porosozero,RU,2022-08-11 05:00:01,62.7191,32.727,61.02,75,100,9.4,overcast clouds
588,Humen,CN,2022-08-11 05:00:01,22.819,113.6731,85.93,70,72,12.1,moderate rain
589,Mayo,US,2022-08-11 05:00:02,38.8876,-76.5119,74.95,93,93,1.99,overcast clouds
590,Puro,PH,2022-08-11 05:00:04,12.4841,123.3827,84.31,72,95,6.33,light rain
591,Nadym,RU,2022-08-11 04:57:59,65.5333,72.5167,60.93,49,67,10.45,broken clouds
592,Xuddur,SO,2022-08-11 05:00:05,4.1213,43.8894,72.93,69,77,21.21,broken clouds
593,Celestun,MX,2022-08-11 05:00:07,20.8667,-90.4,75.58,89,95,4.47,overcast clouds
594,Umea,SE,2022-08-11 05:00:08,63.8284,20.2597,58.93,100,0,1.14,clear sky
595,Changji,CN,2022-08-11 05:00:10,44.0167,87.3167,77.79,61,0,2.24,clear sky
596,Tra Vinh,VN,2022-08-11 05:00:11,9.9347,106.3453,81.82,78,100,8.16,overcast clouds
597,Kiama,AU,2022-08-11 05:00:11,-34.6833,150.8667,65.37,66,100,8.99,overcast clouds
598,College,US,2022-08-11 05:00:13,64.8569,-147.8028,61.0,54,44,2.39,scattered clouds
599,Lwowek Slaski,PL,2022-08-11 05:01:14,51.1107,15.5858,61.93,62,54,2.98,broken clouds
600,Lazaro Cardenas,MX,2022-08-11 05:01:15,17.9583,-102.2,79.9,78,100,2.48,overcast clouds
601,Husavik,IS,2022-08-11 05:01:15,66.0449,-17.3389,46.85,82,100,2.15,overcast clouds
602,Piste,MX,2022-08-11 05:01:15,20.7,-88.5833,73.45,94,88,1.28,overcast clouds
603,Altay,CN,2022-08-11 05:01:16,47.8667,88.1167,81.9,31,3,8.08,clear sky
604,Chicama,PE,2022-08-11 05:01:16,-7.8447,-79.1469,62.13,83,87,4.05,overcast clouds
605,Kyaukse,MM,2022-08-11 05:01:17,21.6,96.1333,89.6,62,75,5.75,broken clouds
606,Abu Dhabi,AE,2022-08-11 04:59:53,24.4667,54.3667,93.31,65,47,3.44,scattered clouds
607,Srednekolymsk,RU,2022-08-11 05:01:18,67.45,153.6833,79.29,42,100,0.87,overcast clouds
608,Kununurra,AU,2022-08-11 05:01:18,-15.7667,128.7333,85.98,21,1,11.5,clear sky
609,Puqi,CN,2022-08-11 05:01:18,29.7167,113.8833,101.32,36,94,6.98,overcast clouds
610,Bereda,ES,2022-08-11 05:01:19,43.2686,-7.5406,65.41,100,26,0.89,scattered clouds
611,Berdigestyakh,RU,2022-08-11 05:01:19,62.0989,126.6992,73.35,50,50,7.23,scattered clouds
612,Mandali,IQ,2022-08-11 05:01:20,33.7499,45.5541,97.72,21,0,21.25,clear sky
613,Izumo,JP,2022-08-11 05:01:20,35.3667,132.7667,87.15,71,99,9.51,overcast clouds
614,Dillon,US,2022-08-11 05:01:21,34.4166,-79.3712,81.1,67,24,7.05,few clouds
615,Rafaela,AR,2022-08-11 05:01:21,-31.2503,-61.4867,43.99,56,0,3.0,clear sky
616,Punta Alta,AR,2022-08-11 05:01:22,-38.8759,-62.0736,50.92,61,64,15.95,broken clouds
617,Charleston,US,2022-08-11 04:57:34,32.7766,-79.9309,82.11,83,40,8.01,mist
618,Rawson,AR,2022-08-11 04:56:48,-43.3002,-65.1023,47.17,61,26,9.37,scattered clouds
619,Bhagwantnagar,IN,2022-08-11 05:01:23,26.2333,80.75,85.68,67,100,19.75,overcast clouds
620,Astoria,US,2022-08-11 05:01:23,46.1879,-123.8313,60.85,86,0,1.61,clear sky
621,Buluang,PH,2022-08-11 05:01:24,13.3068,123.3425,83.75,80,82,3.67,broken clouds
622,Ulety,RU,2022-08-11 05:01:24,51.3572,112.4849,72.0,32,100,5.66,overcast clouds
623,Chernyshevskiy,RU,2022-08-11 04:57:07,63.0128,112.4714,68.61,50,20,7.23,few clouds
624,Katherine,AU,2022-08-11 05:01:25,-14.4667,132.2667,91.72,27,27,12.66,scattered clouds
625,Stanghelle,NO,2022-08-11 05:01:26,60.5528,5.7357,61.92,96,100,7.11,overcast clouds
626,Pingzhuang,CN,2022-08-11 05:01:26,42.0372,119.2889,83.25,43,42,5.26,scattered clouds
627,Polson,US,2022-08-11 05:01:27,47.6936,-114.1632,70.77,71,99,3.58,overcast clouds
628,Tessalit,ML,2022-08-11 05:01:27,20.1986,1.0114,88.25,38,58,7.14,broken clouds
629,Egvekinot,RU,2022-08-11 05:01:28,66.3167,-179.1667,55.96,74,33,7.36,scattered clouds
630,Darhan,MN,2022-08-11 05:01:28,49.4867,105.9228,72.07,46,93,2.35,overcast clouds
631,Sahuaripa,MX,2022-08-11 05:01:29,29.05,-109.2333,71.2,95,100,2.86,overcast clouds
632,Smithers,CA,2022-08-11 05:01:29,54.7804,-127.1743,64.49,54,0,3.15,clear sky
633,Kabare,CD,2022-08-11 05:01:29,-2.4683,28.8242,65.07,64,99,1.25,overcast clouds
634,Kyzyl-Suu,KG,2022-08-11 05:01:30,42.3414,78.0056,70.36,53,74,8.01,broken clouds
635,Bandar-E Lengeh,IR,2022-08-11 05:01:30,26.5579,54.8807,97.63,54,90,6.96,overcast clouds
636,Vangaindrano,MG,2022-08-11 05:01:31,-23.35,47.6,66.31,76,17,3.49,few clouds
637,Litovko,RU,2022-08-11 05:01:31,49.2361,135.1742,69.96,68,65,10.58,broken clouds
638,Atasu,KZ,2022-08-11 05:01:32,48.6814,71.6433,69.66,54,79,11.7,broken clouds
639,Numan,NG,2022-08-11 05:01:33,9.4667,12.0333,73.74,97,100,1.05,overcast clouds
640,Tigil,RU,2022-08-11 05:01:33,57.8,158.6667,60.8,80,100,4.27,overcast clouds
641,Beihai,CN,2022-08-11 05:01:33,21.4833,109.1,81.48,84,100,13.22,overcast clouds
642,Lafia,NG,2022-08-11 05:01:34,8.4833,8.5167,72.21,98,98,4.7,overcast clouds
643,Chernushka,RU,2022-08-11 05:01:34,56.5072,56.0766,65.46,87,100,10.16,overcast clouds
644,Burnie,AU,2022-08-11 05:01:35,-41.0667,145.9167,52.95,89,100,12.75,moderate rain
645,Trindade,BR,2022-08-11 05:01:35,-16.6494,-49.4889,55.13,45,100,5.03,overcast clouds
646,Wajid,SO,2022-08-11 05:02:36,3.8093,43.2471,73.63,72,82,20.31,broken clouds
647,Mahon,ES,2022-08-11 04:57:41,39.8885,4.2658,77.56,78,0,2.3,clear sky
648,Barra Do Garcas,BR,2022-08-11 04:59:37,-15.89,-52.2567,57.22,41,100,4.07,overcast clouds
649,Codajas,BR,2022-08-11 05:02:36,-3.8367,-62.0569,72.19,92,25,2.19,scattered clouds
650,Skegness,GB,2022-08-11 05:02:37,53.1436,0.3363,55.47,80,8,1.25,clear sky
651,Christchurch,NZ,2022-08-11 04:59:26,-43.5333,172.6333,45.91,70,75,13.8,broken clouds
652,Zakamensk,RU,2022-08-11 05:02:37,50.3741,103.2863,72.57,41,96,5.7,overcast clouds
653,Krasnovishersk,RU,2022-08-11 05:02:38,60.4078,57.082,56.75,97,100,5.64,overcast clouds
654,Smidovich,RU,2022-08-11 05:02:38,48.6,133.8167,71.11,64,94,9.24,overcast clouds
655,Kutum,SD,2022-08-11 05:02:39,14.2,24.6667,70.54,81,98,3.96,light rain
656,Seoul,KR,2022-08-11 05:00:00,37.5683,126.9778,78.24,88,100,5.75,mist
657,Katobu,ID,2022-08-11 05:02:39,-4.9408,122.5276,77.47,92,98,4.74,overcast clouds
658,Ibra,OM,2022-08-11 05:02:40,22.6906,58.5334,93.15,34,100,1.99,overcast clouds
659,Shangrao,CN,2022-08-11 05:02:40,28.4532,117.9686,100.15,38,64,4.65,broken clouds
660,Beachwood,US,2022-08-11 05:02:41,41.4645,-81.5087,65.44,89,0,0.0,clear sky
661,Kapit,MY,2022-08-11 05:02:41,2.0167,112.9333,94.41,49,43,1.92,scattered clouds
662,Stellenbosch,ZA,2022-08-11 05:02:41,-33.9346,18.8668,54.81,94,100,6.02,overcast clouds
663,Kysyl-Syr,RU,2022-08-11 05:02:42,63.8986,122.7617,75.78,48,51,5.35,broken clouds
664,Gorontalo,ID,2022-08-11 05:02:43,0.5412,123.0595,86.49,70,25,4.36,scattered clouds
665,Snasa,NO,2022-08-11 05:02:43,64.2457,12.3778,56.61,94,100,14.09,overcast clouds
666,Aneho,TG,2022-08-11 05:02:43,6.2333,1.6,73.65,87,100,10.2,overcast clouds
667,Cividale Del Friuli,IT,2022-08-11 05:02:44,46.0931,13.4275,71.15,59,57,6.22,broken clouds
668,Sibenik,HR,2022-08-11 05:02:44,43.7272,15.9058,76.66,40,35,6.82,scattered clouds
669,Kemijarvi,FI,2022-08-11 05:02:45,66.7131,27.4306,57.07,95,100,14.25,light rain
670,Chadan,RU,2022-08-11 05:02:45,51.2833,91.5833,73.51,42,93,7.43,overcast clouds
671,Dhidhdhoo,MV,2022-08-11 05:02:46,6.8833,73.1,82.02,82,42,13.15,scattered clouds
672,Kikwit,CD,2022-08-11 05:02:46,-5.041,18.8162,70.79,29,10,2.39,clear sky
673,Beoumi,CI,2022-08-11 05:02:46,7.6736,-5.5764,71.19,94,63,6.02,broken clouds
674,Bang Phae,TH,2022-08-11 05:02:47,13.6916,99.9298,88.0,94,100,5.53,overcast clouds
675,Khandagayty,RU,2022-08-11 05:02:47,50.7333,92.05,56.79,83,100,3.74,overcast clouds
676,Aberdeen,GB,2022-08-11 05:00:48,57.1437,-2.0981,54.5,93,4,3.44,clear sky
677,Krasnaya Polyana,RU,2022-08-11 05:02:48,56.242,51.1442,64.51,65,55,8.59,broken clouds
678,Fort Nelson,CA,2022-08-11 05:02:48,58.8053,-122.7002,66.54,59,95,5.82,overcast clouds
679,Pucallpa,PE,2022-08-11 05:02:49,-8.3791,-74.5539,65.32,90,24,2.26,few clouds
680,Katangli,RU,2022-08-11 05:02:49,51.7102,143.2326,62.55,74,64,8.08,broken clouds
681,Ust-Maya,RU,2022-08-11 05:02:50,60.4167,134.5333,62.46,73,100,3.67,overcast clouds
682,Joura,IN,2022-08-11 05:02:50,26.3411,77.8115,85.35,68,100,18.9,moderate rain
683,Tebingtinggi,ID,2022-08-11 05:02:51,3.3285,99.1625,90.0,55,100,3.62,overcast clouds
684,Santana Do Livramento,BR,2022-08-11 04:58:01,-30.8908,-55.5328,43.5,94,56,4.5,broken clouds
685,Kirkwood,US,2022-08-11 05:02:51,38.5834,-90.4068,69.35,86,0,1.36,clear sky
686,Puerto Del Rosario,ES,2022-08-11 05:02:52,28.5004,-13.8627,71.35,73,100,11.5,overcast clouds
687,Savannah Bight,HN,2022-08-11 05:02:52,16.45,-85.85,82.08,83,77,20.76,broken clouds
688,Pimentel,PE,2022-08-11 05:02:53,-6.8367,-79.9342,61.72,85,88,7.96,overcast clouds
689,San Andres,CO,2022-08-11 05:02:53,12.5847,-81.7006,81.54,87,82,17.96,broken clouds
690,Ostersund,SE,2022-08-11 05:00:42,63.1792,14.6357,57.61,100,100,12.66,overcast clouds
691,Tual,ID,2022-08-11 05:02:54,-5.6667,132.75,79.75,82,27,13.49,scattered clouds
692,Asyut,EG,2022-08-11 05:02:54,27.181,31.1837,84.09,39,0,10.51,clear sky
693,Coahuayana,MX,2022-08-11 05:03:55,18.7333,-103.6833,78.42,87,100,3.13,overcast clouds
694,Joshimath,IN,2022-08-11 05:03:55,30.5667,79.5667,69.06,94,100,1.72,overcast clouds
695,Bonfim,BR,2022-08-11 05:03:55,3.0833,-59.95,77.14,74,53,3.18,broken clouds
696,Ishigaki,JP,2022-08-11 05:03:56,24.3448,124.1572,93.33,62,40,8.05,scattered clouds
697,Tshela,CD,2022-08-11 05:03:56,-4.9833,12.9333,68.07,87,85,3.36,overcast clouds
698,Mandurah,AU,2022-08-11 05:03:57,-32.55,115.7,63.91,60,8,1.99,clear sky
699,Hauterive,FR,2022-08-11 05:03:57,46.0901,3.4459,57.96,52,0,2.26,clear sky
700,Curup,ID,2022-08-11 05:03:58,-3.4667,102.5333,84.61,54,58,1.19,broken clouds
701,Gazanjyk,TM,2022-08-11 05:03:58,39.2446,55.5154,89.37,15,0,12.97,clear sky
702,Passos,BR,2022-08-11 05:03:21,-20.7189,-46.6097,46.85,72,90,3.15,overcast clouds
703,Sept-Iles,CA,2022-08-11 05:03:59,50.2001,-66.3821,60.06,91,22,1.01,few clouds
704,Westport,US,2022-08-11 05:01:13,41.1415,-73.3579,76.82,92,7,1.01,clear sky
705,Lata,PT,2022-08-11 05:03:59,40.1629,-8.3327,60.22,96,0,2.82,clear sky
706,Sao Felix Do Xingu,BR,2022-08-11 05:00:42,-6.6447,-51.995,72.05,50,31,1.25,scattered clouds
707,Progreso,MX,2022-08-11 05:04:00,21.2833,-89.6667,73.51,88,93,5.57,overcast clouds
708,Biltine,TD,2022-08-11 05:04:00,14.5333,20.9167,78.71,72,98,4.36,overcast clouds
709,Sun Valley,US,2022-08-11 05:04:01,39.5963,-119.776,76.68,39,75,7.0,broken clouds
710,Santa Helena De Goias,BR,2022-08-11 05:00:32,-17.8136,-50.5969,54.01,56,100,5.53,overcast clouds
